t,['0.0:5.33e-07'],['5.33e-07:1.07e-06'],['1.07e-06:1.6e-06'],['1.6e-06:2.13e-06'],['2.13e-06:2.67e-06'],['2.67e-06:3.2e-06'],['3.2e-06:3.73e-06'],['3.73e-06:4.27e-06'],['4.27e-06:4.8e-06'],['4.8e-06:5.33e-06'],['5.33e-06:5.86e-06'],['5.86e-06:6.4e-06'],['6.4e-06:6.93e-06'],['6.93e-06:7.46e-06'],['7.46e-06:8e-06'],['8e-06:8.53e-06'],['8.53e-06:9.06e-06'],['9.06e-06:9.6e-06'],['9.6e-06:1.01e-05'],['1.01e-05:1.07e-05'],['1.07e-05:1.12e-05'],['1.12e-05:1.17e-05'],['1.17e-05:1.23e-05'],['1.23e-05:1.28e-05'],['1.28e-05:1.33e-05'],['1.33e-05:1.39e-05'],['1.39e-05:1.44e-05'],['1.44e-05:1.49e-05'],['1.49e-05:1.55e-05'],['1.55e-05:1.6e-05'],['1.6e-05:1.65e-05'],['1.65e-05:1.71e-05'],['1.71e-05:1.76e-05'],['1.76e-05:1.81e-05'],['1.81e-05:1.87e-05'],['1.87e-05:1.92e-05'],['1.92e-05:1.97e-05'],['1.97e-05:2.03e-05'],['2.03e-05:2.08e-05'],['2.08e-05:2.13e-05'],['2.13e-05:2.19e-05'],['2.19e-05:2.24e-05'],['2.24e-05:2.29e-05'],['2.29e-05:2.35e-05'],['2.35e-05:2.4e-05'],['2.4e-05:2.45e-05'],['2.45e-05:2.51e-05'],['2.51e-05:2.56e-05'],['2.56e-05:2.61e-05'],['2.61e-05:2.67e-05'],['2.67e-05:2.72e-05'],['2.72e-05:2.77e-05'],['2.77e-05:2.83e-05'],['2.83e-05:2.88e-05'],['2.88e-05:2.93e-05'],['2.93e-05:2.99e-05'],['2.99e-05:3.04e-05'],['3.04e-05:3.09e-05'],['3.09e-05:3.15e-05'],['3.15e-05:3.2e-05'],['3.2e-05:3.25e-05'],['3.25e-05:3.31e-05'],['3.31e-05:3.36e-05'],['3.36e-05:3.41e-05'],['3.41e-05:3.47e-05'],['3.47e-05:3.52e-05'],['3.52e-05:3.57e-05'],['3.57e-05:3.63e-05'],['3.63e-05:3.68e-05'],['3.68e-05:3.73e-05'],['3.73e-05:3.79e-05'],['3.79e-05:3.84e-05'],['3.84e-05:3.89e-05'],['3.89e-05:3.95e-05'],['3.95e-05:4e-05'],['4e-05:4.05e-05'],['4.05e-05:4.11e-05'],['4.11e-05:4.16e-05'],['4.16e-05:4.21e-05'],['4.21e-05:4.27e-05'],['4.27e-05:4.32e-05'],['4.32e-05:4.37e-05'],['4.37e-05:4.43e-05'],['4.43e-05:4.48e-05'],['4.48e-05:4.53e-05'],['4.53e-05:4.59e-05'],['4.59e-05:4.64e-05'],['4.64e-05:4.69e-05'],['4.69e-05:4.75e-05'],['4.75e-05:4.8e-05'],['4.8e-05:4.85e-05'],['4.85e-05:4.9e-05'],['4.9e-05:4.96e-05'],['4.96e-05:5.01e-05'],['5.01e-05:5.06e-05'],['5.06e-05:5.12e-05'],['5.12e-05:5.17e-05'],['5.17e-05:5.22e-05'],['5.22e-05:5.28e-05'],['5.28e-05:5.33e-05'],['5.33e-05:5.38e-05'],['5.38e-05:5.44e-05'],['5.44e-05:5.49e-05'],['5.49e-05:5.54e-05'],['5.54e-05:5.6e-05'],['5.6e-05:5.65e-05'],['5.65e-05:5.7e-05'],['5.7e-05:5.76e-05'],['5.76e-05:5.81e-05'],['5.81e-05:5.86e-05'],['5.86e-05:5.92e-05'],['5.92e-05:5.97e-05'],['5.97e-05:6.02e-05'],['6.02e-05:6.08e-05'],['6.08e-05:6.13e-05'],['6.13e-05:6.18e-05'],['6.18e-05:6.24e-05'],['6.24e-05:6.29e-05'],['6.29e-05:6.34e-05'],['6.34e-05:6.4e-05'],['6.4e-05:6.45e-05'],['6.45e-05:6.5e-05'],['6.5e-05:6.56e-05'],['6.56e-05:6.61e-05'],['6.61e-05:6.66e-05'],['6.66e-05:6.72e-05'],['6.72e-05:6.77e-05'],['6.77e-05:6.82e-05'],['6.82e-05:6.88e-05'],['6.88e-05:6.93e-05'],['6.93e-05:6.98e-05'],['6.98e-05:7.04e-05'],['7.04e-05:7.09e-05'],['7.09e-05:7.14e-05'],['7.14e-05:7.2e-05'],['7.2e-05:7.25e-05'],['7.25e-05:7.3e-05'],['7.3e-05:7.36e-05'],['7.36e-05:7.41e-05'],['7.41e-05:7.46e-05'],['7.46e-05:7.52e-05'],['7.52e-05:7.57e-05'],['7.57e-05:7.62e-05'],['7.62e-05:7.68e-05'],['7.68e-05:7.73e-05'],['7.73e-05:7.78e-05'],['7.78e-05:7.84e-05'],['7.84e-05:7.89e-05'],['7.89e-05:7.94e-05'],['7.94e-05:8e-05'],['8e-05:8.05e-05'],['8.05e-05:8.1e-05'],['8.1e-05:8.16e-05'],['8.16e-05:8.21e-05'],['8.21e-05:8.26e-05'],['8.26e-05:8.32e-05'],['8.32e-05:8.37e-05'],['8.37e-05:8.42e-05'],['8.42e-05:8.48e-05'],['8.48e-05:8.53e-05'],['8.53e-05:8.58e-05'],['8.58e-05:8.64e-05'],['8.64e-05:8.69e-05'],['8.69e-05:8.74e-05'],['8.74e-05:8.8e-05'],['8.8e-05:8.85e-05'],['8.85e-05:8.9e-05'],['8.9e-05:8.96e-05'],['8.96e-05:9.01e-05'],['9.01e-05:9.06e-05'],['9.06e-05:9.12e-05'],['9.12e-05:9.17e-05'],['9.17e-05:9.22e-05'],['9.22e-05:9.28e-05'],['9.28e-05:9.33e-05'],['9.33e-05:9.38e-05'],['9.38e-05:9.44e-05'],['9.44e-05:9.49e-05'],['9.49e-05:9.54e-05'],['9.54e-05:9.6e-05'],['9.6e-05:9.65e-05'],['9.65e-05:9.7e-05'],['9.7e-05:9.76e-05'],['9.76e-05:9.81e-05'],['9.81e-05:9.86e-05'],['9.86e-05:9.92e-05'],['9.92e-05:9.97e-05'],['9.97e-05:0.0001'],['0.0001:0.000101'],['0.000101:0.000101'],['0.000101:0.000102'],['0.000102:0.000102'],['0.000102:0.000103'],['0.000103:0.000103'],['0.000103:0.000104'],['0.000104:0.000104'],['0.000104:0.000105'],['0.000105:0.000106'],['0.000106:0.000106'],['0.000106:0.000107']
50.0,272,0,0,0,0,0,0,0,0,0,0,0,0,0,0,0,0,0,0,0,0,0,0,0,0,0,0,0,0,0,0,0,0,0,0,0,0,0,0,0,0,0,0,0,0,0,0,0,0,0,0,0,0,0,0,0,0,0,0,0,0,0,0,0,0,2,2,5,6,10,10,15,23,9,7,7,10,5,7,11,9,4,6,0,10,4,3,1,6,4,4,2,2,4,5,3,2,4,4,3,2,1,2,3,2,3,1,2,2,0,0,1,1,1,0,1,1,1,0,2,3,0,3,0,1,7,1,3,2,0,7,9,4,8,4,4,5,7,4,2,5,6,5,7,9,4,5,3,3,2,5,4,1,2,4,5,1,1,2,4,1,4,0,2,5,1,0,2,2,0,0,2,4,2,2,1,4,1,4,3,1,0,6,1,3,0,2,3,2,0,0,2,0,2,3,3,2,1,0,2
51.0,243,0,0,0,0,0,0,0,0,0,0,0,0,0,0,0,0,0,0,0,0,0,0,0,0,0,0,0,0,0,0,0,0,0,0,0,0,0,0,0,0,0,0,0,0,0,0,0,0,0,0,0,0,0,0,0,0,0,0,0,0,0,0,0,0,0,1,1,8,1,9,13,14,7,7,8,5,10,8,2,14,8,4,4,8,6,1,5,4,3,2,4,2,4,2,4,4,6,2,3,1,1,5,3,0,3,0,1,2,4,3,3,1,1,0,1,1,1,1,3,1,0,2,3,0,2,2,1,3,4,4,8,5,4,10,5,2,1,1,5,9,4,6,5,6,7,6,7,2,7,3,4,6,5,1,2,2,6,2,8,2,2,2,3,6,3,4,4,1,0,1,5,1,3,2,2,3,5,2,2,3,2,3,3,3,3,1,0,1,2,4,0,2,3,3,1,0,1,0,0
52.0,236,0,0,0,0,0,0,0,0,0,0,0,0,0,0,0,0,0,0,0,0,0,0,0,0,0,0,0,0,0,0,0,0,0,0,0,0,0,0,0,0,0,0,0,0,0,0,0,0,0,0,0,0,0,0,0,0,0,0,0,0,0,0,0,0,0,0,1,3,4,14,10,11,17,14,9,15,7,8,11,5,9,5,3,8,6,6,4,9,1,1,2,2,4,3,1,6,1,7,1,2,3,1,1,1,2,3,4,1,4,3,1,1,3,1,2,2,0,3,3,2,0,1,2,2,2,1,0,4,1,4,6,3,6,5,8,5,4,4,2,3,4,4,0,5,7,4,6,6,3,6,6,7,0,6,4,10,3,3,5,2,5,0,5,0,6,2,2,1,2,1,1,0,0,2,2,5,0,5,3,2,1,1,2,2,2,4,3,5,1,4,3,3,2,2,0,2,1,1,0
53.0,222,0,0,0,0,0,0,0,0,0,0,0,0,0,0,0,0,0,0,0,0,0,0,0,0,0,0,0,0,0,0,0,0,0,0,0,0,0,0,0,0,0,0,0,0,0,0,0,0,0,0,0,0,0,0,0,0,0,0,0,0,0,0,0,0,0,0,0,0,0,7,12,6,13,11,10,8,4,13,7,7,10,4,5,4,5,5,4,1,7,3,6,7,1,2,3,3,3,5,6,1,3,0,1,1,2,2,1,1,8,2,3,1,1,2,3,5,2,2,2,2,2,1,1,4,1,0,1,0,3,3,3,4,5,9,4,2,10,4,5,5,7,7,4,4,9,2,3,3,6,6,3,2,3,6,7,3,6,4,4,2,2,3,3,1,6,3,1,3,3,3,1,1,1,5,2,3,2,0,3,1,1,2,4,3,3,4,5,4,7,1,0,2,3,2,2,2,3,3,2
54.0,244,0,0,0,0,0,0,0,0,0,0,0,0,0,0,0,0,0,0,0,0,0,0,0,0,0,0,0,0,0,0,0,0,0,0,0,0,0,0,0,0,0,0,0,0,0,0,0,0,0,0,0,0,0,0,0,0,0,0,0,0,0,0,0,0,0,0,0,2,3,4,5,12,8,13,18,19,10,5,6,9,5,5,8,5,8,9,4,4,4,1,3,9,3,5,2,2,3,3,3,2,3,3,6,2,2,4,2,2,1,1,5,2,1,1,1,1,3,1,2,1,1,2,1,2,0,2,1,1,3,2,4,3,3,7,7,8,6,4,5,6,9,8,7,2,7,4,6,5,5,2,1,5,3,1,4,3,3,0,3,4,5,4,3,2,4,2,1,0,3,3,2,3,1,6,2,1,1,2,1,0,3,6,1,5,3,2,3,2,3,1,4,2,2,1,5,2,2,5,1
55.0,234,0,0,0,0,0,0,0,0,0,0,0,0,0,0,0,0,0,0,0,0,0,0,0,0,0,0,0,0,0,0,0,0,0,0,0,0,0,0,0,0,0,0,0,0,0,0,0,0,0,0,0,0,0,0,0,0,0,0,0,0,0,0,0,0,0,0,1,2,2,4,5,9,12,13,7,6,7,8,5,6,9,9,9,4,3,2,3,6,4,0,4,4,4,2,4,3,3,1,2,2,4,3,4,0,0,2,2,3,2,0,2,4,1,1,0,0,0,1,4,2,1,3,4,0,1,3,1,0,1,5,1,2,6,5,7,5,4,3,8,5,7,3,9,7,6,9,7,2,7,3,4,8,0,5,3,5,8,6,5,3,1,4,3,4,1,1,7,3,6,4,1,3,3,2,6,2,4,4,6,3,3,5,8,3,3,1,5,3,4,1,1,3,5,6,4,3,1,1,2
56.0,202,0,0,0,0,0,0,0,0,0,0,0,0,0,0,0,0,0,0,0,0,0,0,0,0,0,0,0,0,0,0,0,0,0,0,0,0,0,0,0,0,0,0,0,0,0,0,0,0,0,0,0,0,0,0,0,0,0,0,0,0,0,0,0,0,0,0,0,2,2,8,10,10,16,12,11,9,8,8,7,7,7,4,9,8,8,5,2,9,7,5,7,5,3,2,7,5,2,3,2,2,3,2,3,6,3,1,1,2,2,1,1,2,2,3,1,1,0,1,1,2,1,3,1,1,3,1,3,1,3,2,2,4,1,7,5,4,8,5,6,6,1,5,6,10,3,6,5,2,5,7,4,7,4,6,6,7,6,5,4,2,5,3,2,3,2,3,1,1,4,1,4,1,2,4,3,1,2,7,2,2,4,3,5,3,2,2,1,6,1,3,2,2,5,3,2,4,4,2,1
57.0,188,0,0,0,0,0,0,0,0,0,0,0,0,0,0,0,0,0,0,0,0,0,0,0,0,0,0,0,0,0,0,0,0,0,0,0,0,0,0,0,0,0,0,0,0,0,0,0,0,0,0,0,0,0,0,0,0,0,0,0,0,0,0,0,0,0,0,0,1,6,6,5,13,11,11,7,11,7,9,8,7,5,11,8,7,5,6,5,3,7,5,5,4,4,5,4,5,5,3,4,1,1,6,1,5,3,5,3,2,2,3,1,2,0,0,1,1,1,1,1,0,0,1,0,4,0,0,2,1,1,0,5,2,1,3,4,5,5,5,8,6,5,8,3,5,4,5,6,7,5,7,3,8,1,2,4,1,2,3,4,1,1,6,4,4,3,5,5,6,0,3,1,2,2,4,5,2,4,1,1,1,3,2,3,4,2,6,1,3,3,7,4,5,3,3,5,5,4,2,1
58.0,187,0,0,0,0,0,0,0,0,0,0,0,0,0,0,0,0,0,0,0,0,0,0,0,0,0,0,0,0,0,0,0,0,0,0,0,0,0,0,0,0,0,0,0,0,0,0,0,0,0,0,0,0,0,0,0,0,0,0,0,0,0,0,0,0,0,0,0,3,3,4,4,11,10,12,9,13,8,9,10,5,7,4,5,6,1,3,8,6,3,7,7,3,6,3,2,1,3,4,4,2,0,3,3,4,2,2,2,1,2,1,2,2,2,3,0,3,2,1,0,4,2,5,3,1,0,2,1,1,1,1,4,2,4,4,6,2,4,3,2,10,10,7,5,8,6,9,4,1,8,9,7,3,2,1,6,3,0,4,5,4,6,4,2,3,7,2,4,1,8,4,5,3,3,1,2,4,3,3,6,3,1,5,5,3,7,4,5,3,0,8,3,3,7,6,3,4,4,2,5
59.0,192,0,0,0,0,0,0,0,0,0,0,0,0,0,0,0,0,0,0,0,0,0,0,0,0,0,0,0,0,0,0,0,0,0,0,0,0,0,0,0,0,0,0,0,0,0,0,0,0,0,0,0,0,0,0,0,0,0,0,0,0,0,0,0,0,0,0,0,1,1,9,8,3,10,11,11,8,10,11,8,5,5,8,5,2,8,4,5,3,8,3,5,2,4,3,1,3,3,1,4,6,7,1,1,3,1,2,1,4,1,1,1,1,4,1,5,2,1,1,3,0,0,2,1,0,3,1,1,1,0,1,2,2,4,3,7,6,5,4,6,5,3,4,5,6,8,2,8,1,5,6,7,3,4,4,2,7,4,6,6,5,1,3,3,5,5,1,1,4,6,3,2,2,5,2,2,2,5,1,3,3,3,1,6,5,5,9,3,4,6,4,5,4,4,6,3,1,4,4,4
60.0,203,0,0,0,0,0,0,0,0,0,0,0,0,0,0,0,0,0,0,0,0,0,0,0,0,0,0,0,0,0,0,0,0,0,0,0,0,0,0,0,0,0,0,0,0,0,0,0,0,0,0,0,0,0,0,0,0,0,0,0,0,0,0,0,0,0,1,1,5,1,9,12,6,11,6,8,14,6,8,4,6,10,7,1,6,5,4,7,3,2,3,4,6,1,8,5,3,0,2,1,2,2,0,2,4,0,3,0,0,2,2,1,2,1,1,0,1,2,0,1,1,0,1,2,3,3,2,1,1,2,6,0,1,5,2,1,5,4,3,0,8,5,6,4,5,2,7,4,10,15,7,7,5,7,4,3,3,0,3,2,4,9,8,2,5,6,3,4,1,7,4,3,2,3,4,0,2,3,2,7,0,3,2,1,2,2,7,3,4,1,6,2,6,2,4,6,6,5,2,5
61.0,193,0,0,0,0,0,0,0,0,0,0,0,0,0,0,0,0,0,0,0,0,0,0,0,0,0,0,0,0,0,0,0,0,0,0,0,0,0,0,0,0,0,0,0,0,0,0,0,0,0,0,0,0,0,0,0,0,0,0,0,0,0,0,0,1,1,3,3,3,5,8,6,8,5,6,7,4,10,3,7,10,6,4,7,3,6,2,4,6,2,3,2,2,4,2,1,4,8,2,1,1,4,5,1,2,1,6,3,2,2,3,3,1,1,0,3,3,2,2,2,2,2,1,1,1,0,2,0,4,3,4,3,5,2,6,7,3,3,8,8,6,5,6,6,8,4,5,7,3,3,6,3,2,2,6,5,5,9,6,2,3,3,4,4,1,1,4,6,3,2,4,3,3,2,3,5,1,4,3,6,3,4,4,4,5,8,3,8,6,3,2,5,7,5,4,7,3,5,9,7
62.0,201,0,0,0,0,0,0,0,0,0,0,0,0,0,0,0,0,0,0,0,0,0,0,0,0,0,0,0,0,0,0,0,0,0,0,0,0,0,0,0,0,0,0,0,0,0,0,0,0,0,0,0,0,0,0,0,0,0,0,0,0,0,0,0,0,2,0,2,7,6,9,8,7,13,5,10,6,6,7,8,6,6,5,6,8,8,4,1,3,3,6,2,6,3,0,4,3,4,4,1,2,3,4,3,3,3,3,1,1,4,2,3,2,3,1,4,1,1,5,1,3,0,3,5,2,1,1,0,2,2,3,2,4,2,4,3,1,2,6,8,5,10,2,13,4,4,2,5,7,5,6,6,9,4,4,6,5,6,3,6,2,6,2,5,2,4,5,6,2,2,5,0,2,3,4,4,0,2,3,4,2,1,4,5,1,8,6,6,4,4,6,3,3,4,7,4,5,6,7,2
63.0,198,0,0,0,0,0,0,0,0,0,0,0,0,0,0,0,0,0,0,0,0,0,0,0,0,0,0,0,0,0,0,0,0,0,0,0,0,0,0,0,0,0,0,0,0,0,0,0,0,0,0,0,0,0,0,0,0,0,0,0,0,0,0,0,0,0,0,2,2,3,4,7,9,12,3,6,5,3,9,6,6,4,11,6,6,4,8,4,3,1,5,7,4,0,2,3,4,2,1,2,6,4,2,1,1,1,1,3,3,1,1,3,5,2,2,2,1,0,0,0,1,2,2,2,1,1,2,0,3,3,2,3,3,5,13,3,3,2,4,6,5,8,5,6,7,5,3,5,8,7,8,4,10,6,2,6,5,3,8,5,4,7,1,5,6,4,3,3,1,5,2,5,5,9,1,3,8,4,1,1,4,4,1,2,2,3,2,6,4,4,7,11,5,4,5,5,4,5,2,2
64.0,197,0,0,0,0,0,0,0,0,0,0,0,0,0,0,0,0,0,0,0,0,0,0,0,0,0,0,0,0,0,0,0,0,0,0,0,0,0,0,0,0,0,0,0,0,0,0,0,0,0,0,0,0,0,0,0,0,0,0,0,0,0,0,0,0,0,0,0,1,1,5,2,6,6,10,12,8,8,6,6,7,8,8,4,1,5,8,3,7,4,4,5,9,2,6,4,5,4,6,2,5,2,2,1,7,3,4,2,2,5,2,1,1,1,2,0,1,1,1,4,1,3,0,2,6,4,0,1,4,1,0,3,4,0,4,7,5,7,9,8,5,8,11,6,4,4,2,4,4,2,2,6,7,2,4,8,3,2,2,3,3,2,7,4,5,2,4,7,3,0,3,1,8,2,6,3,0,1,3,4,0,1,4,0,4,2,2,6,4,7,4,6,2,6,4,6,3,2,7,9
65.0,214,0,0,0,0,0,0,0,0,0,0,0,0,0,0,0,0,0,0,0,0,0,0,0,0,0,0,0,0,0,0,0,0,0,0,0,0,0,0,0,0,0,0,0,0,0,0,0,0,0,0,0,0,0,0,0,0,0,0,0,0,0,0,0,0,0,0,0,0,0,2,6,7,10,6,8,9,14,5,7,5,6,8,2,10,6,5,8,3,7,1,2,1,3,6,1,5,0,1,3,2,1,2,4,1,2,6,2,1,1,1,2,1,2,3,1,1,1,3,1,0,0,2,1,3,1,1,2,1,2,1,1,2,2,2,6,9,12,6,5,6,6,5,6,3,5,2,1,7,4,6,6,3,2,0,5,5,3,5,4,2,3,2,2,2,0,6,2,9,5,3,5,1,0,4,1,3,4,3,5,3,2,2,1,3,2,3,4,4,2,11,3,6,5,4,6,3,4,6,5
66.0,217,0,0,0,0,0,0,0,0,0,0,0,0,0,0,0,0,0,0,0,0,0,0,0,0,0,0,0,0,0,0,0,0,0,0,0,0,0,0,0,0,0,0,0,0,0,0,0,0,0,0,0,0,0,0,0,0,0,0,0,0,0,0,0,0,0,0,1,1,0,6,3,6,8,8,6,8,6,6,10,4,6,4,8,8,7,3,5,5,5,9,3,7,6,2,2,4,4,6,3,5,5,4,1,3,3,2,3,1,5,1,2,2,0,2,0,1,3,0,0,1,0,1,1,1,0,1,2,1,0,1,2,0,1,1,4,2,7,5,4,9,4,16,6,10,6,6,8,5,4,8,7,5,9,4,6,5,3,3,4,3,4,1,7,4,2,5,2,4,5,4,4,5,5,2,0,2,3,1,2,3,4,4,1,5,3,5,5,5,5,3,5,10,3,7,7,5,8,4,0
67.0,222,0,0,0,0,0,0,0,0,0,0,0,0,0,0,0,0,0,0,0,0,0,0,0,0,0,0,0,0,0,0,0,0,0,0,0,0,0,0,0,0,0,0,0,0,0,0,0,0,0,0,0,0,0,0,0,0,0,0,0,0,0,0,0,0,0,0,0,1,1,4,2,5,14,5,7,11,7,2,5,8,6,5,7,4,7,3,5,5,5,5,3,10,5,3,0,4,5,2,1,2,2,4,4,3,0,3,1,2,1,3,0,2,0,1,3,3,3,1,2,1,0,2,4,2,1,4,2,0,1,3,2,1,2,3,1,2,6,9,4,6,9,4,7,3,5,7,6,5,6,3,4,9,3,4,1,4,2,9,5,7,4,6,5,9,4,3,5,2,2,3,1,5,5,1,5,5,3,4,0,1,5,3,2,3,2,2,3,0,7,3,4,6,6,10,1,7,1,8,6
68.0,236,0,0,0,0,0,0,0,0,0,0,0,0,0,0,0,0,0,0,0,0,0,0,0,0,0,0,0,0,0,0,0,0,0,0,0,0,0,0,0,0,0,0,0,0,0,0,0,0,0,0,0,0,0,0,0,0,0,0,0,0,0,0,0,0,0,0,0,0,0,1,4,2,4,6,9,7,7,7,7,5,6,8,5,8,8,3,3,2,3,2,4,4,4,5,3,4,6,4,2,1,1,2,4,3,2,2,1,1,1,1,3,4,2,2,1,0,2,2,3,2,0,3,0,4,0,0,1,1,0,1,1,2,1,2,3,3,2,4,3,4,6,5,12,9,3,7,4,7,2,9,4,9,3,8,8,7,4,2,3,1,5,2,4,5,3,2,3,3,2,2,5,3,4,1,2,0,4,5,3,1,2,2,2,9,3,4,3,7,2,3,4,6,7,2,7,8,7,5,6
69.0,252,0,0,0,0,0,0,0,0,0,0,0,0,0,0,0,0,0,0,0,0,0,0,0,0,0,0,0,0,0,0,0,0,0,0,0,0,0,0,0,0,0,0,0,0,0,0,0,0,0,0,0,0,0,0,0,0,0,0,0,0,0,0,0,0,0,0,0,0,1,0,1,1,3,5,3,6,8,15,9,9,12,7,9,6,7,5,2,6,3,3,1,3,5,4,3,1,2,3,3,0,3,1,4,3,4,2,1,1,0,1,3,2,1,2,3,0,2,2,0,0,3,2,1,0,1,1,3,1,3,2,2,1,0,0,3,4,8,4,3,8,4,9,5,3,9,7,6,4,4,4,3,3,2,6,6,4,3,3,5,4,3,4,11,6,6,5,2,5,3,1,5,5,4,3,5,1,1,7,4,3,3,5,1,2,5,2,5,2,3,9,4,4,5,4,2,3,5,1,4
70.0,249,0,0,0,0,0,0,0,0,0,0,0,0,0,0,0,0,0,0,0,0,0,0,0,0,0,0,0,0,0,0,0,0,0,0,0,0,0,0,0,0,0,0,0,0,0,0,0,0,0,0,0,0,0,0,0,0,0,0,0,0,0,0,0,0,0,0,0,0,0,1,0,3,6,5,2,2,3,9,6,6,7,8,10,8,6,2,3,5,5,1,6,3,1,4,1,2,2,2,0,5,3,0,1,0,0,2,3,3,2,2,0,1,1,1,0,2,1,2,3,0,3,1,2,1,2,1,0,2,0,3,0,0,1,1,4,2,4,3,4,7,7,7,4,5,12,3,9,7,16,7,5,3,3,4,5,9,6,6,5,4,4,5,6,1,4,5,7,4,3,4,1,8,3,2,1,4,5,8,4,4,2,2,3,1,1,2,1,3,3,5,3,4,1,5,7,4,1,2,2
71.0,264,0,0,0,0,0,0,0,0,0,0,0,0,0,0,0,0,0,0,0,0,0,0,0,0,0,0,0,0,0,0,0,0,0,0,0,0,0,0,0,0,0,0,0,0,0,0,0,0,0,0,0,0,0,0,0,0,0,0,0,0,0,0,0,0,0,0,0,0,0,0,2,1,1,2,5,6,8,6,3,4,8,6,5,5,4,4,4,1,7,5,4,4,2,2,6,2,2,3,5,0,4,1,2,1,2,2,0,2,3,0,2,4,1,1,0,0,2,0,0,2,0,0,2,0,1,0,0,3,0,2,2,0,3,1,0,4,0,7,7,0,6,4,4,11,2,5,5,6,6,5,5,4,5,6,4,5,2,4,2,5,10,2,8,2,6,7,7,6,3,6,2,7,2,2,2,1,1,4,3,2,0,4,1,1,1,4,7,3,4,6,3,3,4,5,6,6,5,6,6
72.0,283,0,0,0,0,0,0,0,0,0,0,0,0,0,0,0,0,0,0,0,0,0,0,0,0,0,0,0,0,0,0,0,0,0,0,0,0,0,0,0,0,0,0,0,0,0,0,0,0,0,0,0,0,0,0,0,0,0,0,0,0,0,0,0,0,0,0,0,0,0,0,1,1,2,4,3,4,10,8,5,5,1,4,8,7,6,2,2,6,3,8,6,2,6,2,1,1,2,1,2,5,2,1,1,1,1,1,6,2,2,3,2,0,3,5,1,0,0,1,2,1,0,0,1,1,3,3,1,2,0,2,2,2,2,3,2,1,0,3,7,6,7,6,4,5,5,6,10,5,6,3,5,8,5,3,11,3,2,5,9,3,10,8,6,4,3,1,5,5,2,5,1,5,4,4,3,5,1,2,3,4,2,3,2,5,4,5,4,4,6,3,2,7,1,7,3,3,5,5,4
73.0,267,0,0,0,0,0,0,0,0,0,0,0,0,0,0,0,0,0,0,0,0,0,0,0,0,0,0,0,0,0,0,0,0,0,0,0,0,0,0,0,0,0,0,0,0,0,0,0,0,0,0,0,0,0,0,0,0,0,0,0,0,0,0,0,0,0,0,0,0,0,0,0,1,1,2,10,3,8,6,8,9,3,9,4,3,4,5,7,4,4,2,4,5,7,3,5,3,3,3,2,4,2,3,3,4,2,2,1,0,0,3,0,1,3,2,1,1,1,2,1,0,1,1,0,0,1,4,0,0,4,1,2,0,6,4,4,3,2,2,8,6,3,6,8,7,6,5,5,3,6,9,5,4,7,7,5,3,2,7,5,2,3,3,11,2,3,5,3,4,3,5,4,4,5,0,2,3,2,3,1,2,2,4,2,2,3,1,2,3,2,6,5,3,4,4,10,2,5,10,6
74.0,296,0,0,0,0,0,0,0,0,0,0,0,0,0,0,0,0,0,0,0,0,0,0,0,0,0,0,0,0,0,0,0,0,0,0,0,0,0,0,0,0,0,0,0,0,0,0,0,0,0,0,0,0,0,0,0,0,0,0,0,0,0,0,0,0,0,0,0,0,0,0,0,0,0,7,6,2,7,3,5,5,8,2,4,3,2,3,6,5,3,3,3,0,5,2,2,1,7,5,3,2,5,4,3,2,2,2,1,3,0,3,1,1,0,2,4,1,2,1,3,0,0,5,2,1,1,0,3,1,0,3,2,0,2,3,1,2,3,2,2,7,1,5,1,6,2,2,3,4,4,2,5,3,10,0,2,6,2,2,4,5,6,3,5,6,3,5,8,1,7,7,4,4,4,1,1,5,5,2,2,5,0,3,3,4,3,3,3,2,6,2,2,4,3,9,6,2,2,2,6
75.0,284,0,0,0,0,0,0,0,0,0,0,0,0,0,0,0,0,0,0,0,0,0,0,0,0,0,0,0,0,0,0,0,0,0,0,0,0,0,0,0,0,0,0,0,0,0,0,0,0,0,0,0,0,0,0,0,0,0,0,0,0,0,0,0,0,0,0,0,0,0,0,0,1,2,8,6,10,6,5,5,5,3,4,5,5,4,9,4,6,4,4,4,4,3,1,3,3,2,1,2,3,2,0,2,1,2,2,2,3,0,3,4,1,0,1,1,2,0,0,1,2,1,1,4,0,1,2,0,1,2,2,2,2,0,2,2,2,0,6,5,5,4,3,4,2,3,7,6,8,4,3,5,3,4,3,7,6,2,11,2,3,4,2,7,3,6,3,6,9,3,3,3,4,1,0,3,3,2,4,2,7,4,4,1,5,4,3,3,6,5,2,3,3,5,3,5,4,7,3,5
76.0,309,0,0,0,0,0,0,0,0,0,0,0,0,0,0,0,0,0,0,0,0,0,0,0,0,0,0,0,0,0,0,0,0,0,0,0,0,0,0,0,0,0,0,0,0,0,0,0,0,0,0,0,0,0,0,0,0,0,0,0,0,0,0,0,0,0,0,0,0,0,0,0,0,1,3,4,9,4,3,4,7,8,5,5,8,6,4,7,1,2,1,5,6,5,1,4,1,3,1,2,3,3,3,3,2,3,2,2,1,3,3,3,3,2,0,1,0,2,0,2,0,4,3,0,0,3,1,0,2,0,1,2,1,1,2,2,0,5,5,0,3,5,4,2,3,7,8,7,8,8,4,1,4,4,2,3,6,4,5,2,4,4,3,4,5,4,0,1,3,3,6,2,4,7,3,0,2,6,2,5,1,8,2,1,0,1,4,2,2,3,5,4,4,6,5,4,6,3,1,6
77.0,282,0,0,0,0,0,0,0,0,0,0,0,0,0,0,0,0,0,0,0,0,0,0,0,0,0,0,0,0,0,0,0,0,0,0,0,0,0,0,0,0,0,0,0,0,0,0,0,0,0,0,0,0,0,0,0,0,0,0,0,0,0,0,0,0,0,0,0,0,0,0,0,0,2,2,13,2,6,12,6,6,4,6,8,1,2,3,5,4,7,2,2,3,0,2,6,2,4,3,1,3,1,2,3,1,5,3,2,1,2,3,1,1,1,3,1,0,1,1,0,0,3,1,1,2,0,1,2,0,2,0,1,1,0,1,1,0,0,5,6,6,4,7,7,4,7,3,4,4,4,2,7,2,11,1,3,7,5,7,7,7,3,1,5,4,5,1,6,0,3,4,4,0,3,8,4,1,5,1,3,2,5,5,7,1,6,1,4,3,8,4,3,2,3,4,6,5,1,7,2
78.0,306,0,0,0,0,0,0,0,0,0,0,0,0,0,0,0,0,0,0,0,0,0,0,0,0,0,0,0,0,0,0,0,0,0,0,0,0,0,0,0,0,0,0,0,0,0,0,0,0,0,0,0,0,0,0,0,0,0,0,0,0,0,0,0,0,0,0,0,0,0,0,1,0,1,4,3,5,5,13,9,7,6,3,7,6,2,7,1,1,4,3,3,0,2,2,2,1,6,3,0,3,1,1,0,2,1,0,2,3,1,1,1,4,0,0,2,2,0,0,1,1,2,0,0,2,0,0,1,3,1,2,2,1,1,3,2,2,2,2,0,4,5,3,5,8,1,8,5,5,11,3,8,7,5,4,4,3,5,1,2,5,4,3,5,1,5,1,2,7,6,5,4,7,4,3,4,3,3,2,3,4,5,4,2,2,2,3,4,3,0,7,5,3,2,6,4,9,2,3,8
79.0,323,0,0,0,0,0,0,0,0,0,0,0,0,0,0,0,0,0,0,0,0,0,0,0,0,0,0,0,0,0,0,0,0,0,0,0,0,0,0,0,0,0,0,0,0,0,0,0,0,0,0,0,0,0,0,0,0,0,0,0,0,0,0,0,0,0,0,0,0,0,0,2,2,3,5,5,7,12,6,6,4,6,5,4,3,8,4,4,2,2,2,9,6,3,3,5,4,1,3,3,2,2,3,2,3,2,2,2,3,2,1,2,0,2,1,1,2,2,0,0,1,0,0,0,1,1,2,0,1,0,1,2,0,2,1,3,2,3,6,0,4,6,3,10,3,4,7,3,3,3,8,4,6,7,7,3,10,5,5,5,3,5,10,2,3,0,3,3,5,3,2,4,4,3,2,1,5,4,1,3,3,3,5,3,4,7,2,2,0,2,3,4,2,2,2,4,8,5,8,3
80.0,292,0,0,0,0,0,0,0,0,0,0,0,0,0,0,0,0,0,0,0,0,0,0,0,0,0,0,0,0,0,0,0,0,0,0,0,0,0,0,0,0,0,0,0,0,0,0,0,0,0,0,0,0,0,0,0,0,0,0,0,0,0,0,0,0,0,0,0,0,0,0,2,3,1,4,4,7,6,8,4,6,8,6,3,8,6,9,8,5,2,1,3,4,4,1,5,5,5,3,5,5,1,1,3,3,3,2,1,0,2,1,1,0,1,0,1,4,2,0,5,1,0,1,2,2,0,1,1,0,0,1,0,1,3,2,1,1,0,2,3,5,1,2,6,3,5,2,3,4,2,5,6,8,5,3,5,3,1,4,6,4,3,1,4,4,3,7,7,7,2,1,4,3,4,2,3,4,3,1,5,2,4,2,4,1,3,1,6,4,4,3,2,3,2,5,4,4,7,9,4
81.0,303,0,0,0,0,0,0,0,0,0,0,0,0,0,0,0,0,0,0,0,0,0,0,0,0,0,0,0,0,0,0,0,0,0,0,0,0,0,0,0,0,0,0,0,0,0,0,0,0,0,0,0,0,0,0,0,0,0,0,0,0,0,0,0,0,0,0,0,0,0,0,0,1,4,1,4,10,9,9,8,5,12,6,9,6,2,6,6,4,3,2,6,5,3,5,2,2,3,1,2,2,2,2,1,2,1,2,1,0,0,1,0,0,2,0,3,2,1,3,0,3,0,1,0,1,0,1,1,1,0,0,1,1,2,0,1,4,2,2,3,2,5,5,4,6,4,4,4,4,1,6,7,11,3,3,9,8,2,3,4,3,6,6,3,2,4,5,3,3,5,4,4,5,3,2,3,2,5,8,6,1,4,2,3,5,4,4,2,2,2,2,1,1,4,3,5,5,1,5,1
82.0,320,0,0,0,0,0,0,0,0,0,0,0,0,0,0,0,0,0,0,0,0,0,0,0,0,0,0,0,0,0,0,0,0,0,0,0,0,0,0,0,0,0,0,0,0,0,0,0,0,0,0,0,0,0,0,0,0,0,0,0,0,0,0,0,0,0,0,0,0,0,0,0,1,1,5,2,6,11,9,9,7,10,9,6,5,4,4,4,3,6,4,4,5,2,3,3,2,4,7,3,2,2,4,3,3,0,3,0,0,1,2,3,1,3,4,1,3,0,0,0,0,3,0,0,2,1,2,0,2,1,1,4,1,0,2,0,1,1,0,5,3,3,1,3,5,4,5,1,7,3,1,4,4,2,4,4,4,6,2,6,6,5,4,4,2,5,2,4,7,2,3,5,8,2,1,2,2,3,1,7,4,4,3,1,4,3,4,5,2,4,2,2,6,3,3,2,1,7,8,3
83.0,319,0,0,0,0,0,0,0,0,0,0,0,0,0,0,0,0,0,0,0,0,0,0,0,0,0,0,0,0,0,0,0,0,0,0,0,0,0,0,0,0,0,0,0,0,0,0,0,0,0,0,0,0,0,0,0,0,0,0,0,0,0,0,0,0,0,0,0,0,0,0,0,0,1,1,8,11,5,14,7,11,12,10,7,5,3,2,6,5,3,2,7,3,4,3,3,2,0,4,3,1,2,2,2,0,4,0,3,1,0,1,0,2,1,2,2,0,2,0,1,0,2,0,1,0,1,1,0,2,2,0,0,0,1,0,2,1,1,3,2,2,0,2,2,6,4,3,7,7,5,5,6,4,3,2,4,3,5,6,3,2,3,6,8,9,2,0,7,5,5,4,3,3,5,3,2,5,1,4,3,2,2,3,3,3,4,5,2,2,2,3,2,1,6,5,3,6,2,6,4
84.0,290,0,0,0,0,0,0,0,0,0,0,0,0,0,0,0,0,0,0,0,0,0,0,0,0,0,0,0,0,0,0,0,0,0,0,0,0,0,0,0,0,0,0,0,0,0,0,0,0,0,0,0,0,0,0,0,0,0,0,0,0,0,0,0,0,0,0,0,0,0,0,0,0,1,4,6,10,8,8,11,10,5,10,3,9,7,4,2,4,3,4,6,5,6,5,4,2,6,2,3,2,4,3,3,1,4,3,1,2,0,1,3,1,0,3,1,0,2,0,3,2,0,0,3,1,1,0,0,1,1,1,0,1,0,2,1,0,2,0,2,1,4,2,2,5,2,6,7,7,7,2,5,3,3,4,2,7,9,3,0,2,2,2,2,0,2,4,1,2,5,5,4,3,2,4,1,2,3,2,4,2,3,3,3,6,2,4,5,3,0,3,2,2,4,7,3,1,6,9,4
85.0,307,0,0,0,0,0,0,0,0,0,0,0,0,0,0,0,0,0,0,0,0,0,0,0,0,0,0,0,0,0,0,0,0,0,0,0,0,0,0,0,0,0,0,0,0,0,0,0,0,0,0,0,0,0,0,0,0,0,0,0,0,0,0,0,0,0,0,0,0,1,0,1,1,4,4,7,4,11,9,12,12,6,7,4,3,11,7,3,10,1,7,4,3,1,4,1,2,6,5,1,3,4,5,4,3,1,2,2,2,1,1,0,0,2,2,2,1,1,2,3,2,0,1,0,3,1,1,3,2,1,0,2,1,3,1,0,0,1,1,2,3,0,0,6,1,3,3,2,5,3,3,5,2,8,1,3,2,6,6,3,7,5,6,2,0,3,7,1,5,4,1,2,4,5,3,3,3,1,1,4,4,4,3,1,1,2,3,1,3,4,2,1,2,2,3,2,8,3,4,4
86.0,295,0,0,0,0,0,0,0,0,0,0,0,0,0,0,0,0,0,0,0,0,0,0,0,0,0,0,0,0,0,0,0,0,0,0,0,0,0,0,0,0,0,0,0,0,0,0,0,0,0,0,0,0,0,0,0,0,0,0,0,0,0,0,0,0,0,0,0,0,0,0,2,3,9,4,2,7,8,11,9,8,6,10,6,7,7,3,6,4,4,4,6,5,6,2,3,1,3,1,4,5,1,2,2,1,1,2,2,2,0,2,2,1,1,1,2,1,1,1,0,2,2,0,1,2,2,1,2,1,1,1,2,0,1,0,0,0,0,3,0,1,4,4,5,5,1,5,3,2,2,3,2,4,4,4,5,1,2,3,5,6,5,2,1,2,2,6,3,4,2,1,3,3,4,2,3,2,2,1,3,3,3,1,3,5,2,6,3,1,0,5,2,1,5,1,2,4,4,4,5
87.0,333,0,0,0,0,0,0,0,0,0,0,0,0,0,0,0,0,0,0,0,0,0,0,0,0,0,0,0,0,0,0,0,0,0,0,0,0,0,0,0,0,0,0,0,0,0,0,0,0,0,0,0,0,0,0,0,0,0,0,0,0,0,0,0,0,0,0,0,0,0,0,1,6,5,9,7,9,14,8,12,7,6,6,6,6,4,5,5,4,2,7,7,7,10,2,3,3,5,4,1,3,2,5,3,2,6,3,2,1,3,4,1,0,1,0,2,5,0,1,1,0,1,0,1,0,2,0,2,2,0,1,0,0,1,1,2,1,1,0,1,1,4,2,2,5,4,4,4,0,3,3,1,3,4,1,5,6,6,3,7,4,3,1,3,3,3,3,3,4,3,3,1,3,4,2,2,4,5,4,1,0,2,2,3,3,5,3,5,0,3,1,3,4,3,4,1,3,2,6,1
88.0,327,0,0,0,0,0,0,0,0,0,0,0,0,0,0,0,0,0,0,0,0,0,0,0,0,0,0,0,0,0,0,0,0,0,0,0,0,0,0,0,0,0,0,0,0,0,0,0,0,0,0,0,0,0,0,0,0,0,0,0,0,0,0,0,0,0,0,0,0,1,0,4,4,8,8,7,5,8,12,9,15,14,7,9,3,4,8,6,5,7,2,4,6,2,8,2,1,0,1,0,3,6,4,4,2,2,1,2,2,1,2,1,1,2,1,0,2,0,1,4,1,1,0,1,0,3,1,1,2,0,3,2,0,1,0,0,2,2,2,2,4,7,1,0,1,5,3,1,5,3,4,3,4,5,4,1,4,2,3,7,2,5,1,4,3,2,4,3,5,3,3,1,2,6,1,3,2,2,2,3,3,3,1,4,3,1,2,3,3,6,3,1,5,0,4,4,2,2,1,2
89.0,290,0,0,0,0,0,0,0,0,0,0,0,0,0,0,0,0,0,0,0,0,0,0,0,0,0,0,0,0,0,0,0,0,0,0,0,0,0,0,0,0,0,0,0,0,0,0,0,0,0,0,0,0,0,0,0,0,0,0,0,0,0,0,0,0,0,0,0,0,0,2,3,1,7,10,11,6,9,6,10,6,7,11,8,8,7,5,7,5,5,3,7,4,2,0,5,4,3,0,3,2,0,5,3,1,3,3,2,1,2,2,1,4,2,0,4,1,0,2,2,1,2,1,0,0,1,0,0,2,2,1,1,0,0,0,0,0,0,0,3,1,3,4,4,0,4,3,0,5,3,4,2,2,6,4,2,5,4,3,3,4,5,4,1,1,2,4,4,4,2,5,6,5,3,1,1,3,2,0,3,4,2,0,2,4,0,4,1,3,2,5,0,2,4,3,2,3,6,6,5
90.0,313,0,0,0,0,0,0,0,0,0,0,0,0,0,0,0,0,0,0,0,0,0,0,0,0,0,0,0,0,0,0,0,0,0,0,0,0,0,0,0,0,0,0,0,0,0,0,0,0,0,0,0,0,0,0,0,0,0,0,0,0,0,0,0,0,0,0,1,0,0,1,1,6,7,8,10,6,13,10,13,9,5,11,6,6,6,4,7,7,2,4,4,4,7,6,2,4,2,7,3,3,5,4,1,2,1,1,1,2,1,4,2,1,2,2,2,1,2,2,1,0,3,2,0,1,2,1,1,0,1,0,0,1,3,2,0,1,0,1,0,2,6,0,2,5,1,3,6,4,4,4,2,3,3,5,6,2,4,4,4,4,5,2,2,1,4,2,5,1,4,4,4,3,3,5,0,1,3,4,2,3,1,5,3,2,3,3,1,3,0,4,5,5,1,5,1,1,3,3,4
91.0,300,0,0,0,0,0,0,0,0,0,0,0,0,0,0,0,0,0,0,0,0,0,0,0,0,0,0,0,0,0,0,0,0,0,0,0,0,0,0,0,0,0,0,0,0,0,0,0,0,0,0,0,0,0,0,0,0,0,0,0,0,0,0,0,0,0,0,0,1,3,3,6,4,7,8,7,6,11,14,8,7,11,7,8,5,5,6,4,4,4,8,4,6,2,0,2,3,2,0,5,1,1,2,7,3,1,2,2,1,1,1,1,3,0,0,2,1,6,1,1,0,1,1,3,3,2,0,1,1,2,1,0,1,1,1,4,2,3,1,2,4,3,1,3,3,4,2,2,0,4,4,3,3,2,1,3,4,0,3,3,7,1,5,2,2,2,1,3,1,3,6,2,4,1,4,1,3,2,4,0,6,5,4,1,2,2,2,2,3,1,4,4,4,4,1,4,3,7,3,4
92.0,288,0,0,0,0,0,0,0,0,0,0,0,0,0,0,0,0,0,0,0,0,0,0,0,0,0,0,0,0,0,0,0,0,0,0,0,0,0,0,0,0,0,0,0,0,0,0,0,0,0,0,0,0,0,0,0,0,0,0,0,0,0,0,0,0,0,0,0,0,1,1,3,3,10,8,12,10,9,4,6,11,14,14,5,1,8,5,4,0,6,6,6,6,5,1,3,8,4,3,5,3,6,1,3,2,3,2,0,3,3,3,1,0,3,1,3,0,0,0,2,2,0,0,0,1,1,1,1,3,3,1,0,1,0,1,0,3,1,2,2,5,4,4,3,0,3,4,10,5,6,1,3,2,3,2,3,3,0,4,0,3,7,3,2,0,0,1,1,8,3,4,1,4,4,3,2,3,6,1,3,1,1,3,2,3,2,4,3,1,2,2,3,4,6,0,3,3,4,3,4
93.0,334,0,0,0,0,0,0,0,0,0,0,0,0,0,0,0,0,0,0,0,0,0,0,0,0,0,0,0,0,0,0,0,0,0,0,0,0,0,0,0,0,0,0,0,0,0,0,0,0,0,0,0,0,0,0,0,0,0,0,0,0,0,0,0,0,0,0,0,0,1,1,1,12,10,11,9,9,16,7,10,7,13,7,8,5,3,4,8,5,1,4,7,2,3,4,6,6,0,2,0,1,2,4,2,3,0,4,0,1,2,1,3,4,1,2,1,1,1,1,1,2,3,2,1,1,0,3,2,1,0,0,0,1,1,4,2,2,2,2,2,4,4,4,5,2,3,5,2,6,6,3,1,4,2,5,6,2,2,4,5,2,4,4,1,4,1,3,1,3,2,1,6,0,2,2,1,1,2,4,2,3,1,1,3,3,2,2,0,4,2,1,0,3,0,4,3,4,2,1,2
94.0,319,0,0,0,0,0,0,0,0,0,0,0,0,0,0,0,0,0,0,0,0,0,0,0,0,0,0,0,0,0,0,0,0,0,0,0,0,0,0,0,0,0,0,0,0,0,0,0,0,0,0,0,0,0,0,0,0,0,0,0,0,0,0,0,0,0,0,0,0,1,2,5,6,7,3,11,21,5,5,9,14,6,5,5,9,8,7,5,5,4,6,0,4,5,4,2,3,5,5,2,6,5,2,3,5,0,0,1,2,1,3,1,1,0,1,0,2,2,1,2,4,0,3,1,1,0,0,0,1,0,1,0,0,1,0,2,0,1,5,6,2,2,5,1,5,2,4,2,4,3,3,7,4,3,6,3,3,4,2,4,2,1,5,3,10,4,5,4,2,4,3,2,2,2,1,1,3,2,2,1,1,5,0,1,2,2,1,1,2,2,2,5,2,5,3,3,1,4,2,2
95.0,287,0,0,0,0,0,0,0,0,0,0,0,0,0,0,0,0,0,0,0,0,0,0,0,0,0,0,0,0,0,0,0,0,0,0,0,0,0,0,0,0,0,0,0,0,0,0,0,0,0,0,0,0,0,0,0,0,0,0,0,0,0,0,0,0,0,0,0,0,0,0,4,7,5,7,15,13,8,14,5,9,9,10,4,5,8,6,3,4,4,7,3,4,5,1,4,3,7,2,1,5,5,4,5,5,4,5,3,4,3,4,2,1,1,1,0,2,1,2,1,5,2,2,1,1,3,2,0,0,2,2,2,1,1,2,1,2,0,2,2,2,7,5,2,5,6,4,5,7,2,2,3,0,3,6,4,2,5,3,3,4,3,4,1,3,4,4,3,2,1,2,2,4,0,3,3,2,2,4,1,2,0,0,1,3,3,3,0,2,2,2,5,1,2,1,3,1,7,2,6
96.0,278,0,0,0,0,0,0,0,0,0,0,0,0,0,0,0,0,0,0,0,0,0,0,0,0,0,0,0,0,0,0,0,0,0,0,0,0,0,0,0,0,0,0,0,0,0,0,0,0,0,0,0,0,0,0,0,0,0,0,0,0,0,0,0,0,0,0,0,1,0,1,4,10,8,12,14,7,10,8,11,6,10,10,7,2,7,5,7,4,5,10,4,3,4,5,6,2,4,3,5,1,2,2,0,3,3,4,2,2,2,4,2,2,5,3,0,4,1,1,1,3,2,0,2,2,3,0,0,0,0,3,1,2,1,0,2,3,2,2,3,2,5,7,4,2,5,6,8,0,2,2,3,1,5,1,2,1,2,5,1,2,3,5,2,3,4,2,2,3,0,3,4,3,2,0,2,2,2,0,3,3,5,1,1,3,3,1,0,2,3,0,1,1,1,0,1,2,4,3,5
97.0,282,0,0,0,0,0,0,0,0,0,0,0,0,0,0,0,0,0,0,0,0,0,0,0,0,0,0,0,0,0,0,0,0,0,0,0,0,0,0,0,0,0,0,0,0,0,0,0,0,0,0,0,0,0,0,0,0,0,0,0,0,0,0,0,0,0,0,0,0,1,1,4,5,6,12,10,13,11,11,11,12,12,10,10,5,9,5,9,4,6,6,6,4,3,6,4,7,1,5,6,2,2,2,5,0,0,4,3,2,0,3,3,0,1,1,3,0,1,2,0,1,1,1,0,2,1,0,3,1,1,0,0,1,2,2,2,1,1,3,4,2,2,3,6,3,3,4,2,3,7,5,4,5,3,5,3,2,8,4,7,2,5,3,4,5,4,4,3,0,3,1,1,1,4,2,1,1,1,2,0,5,2,3,2,4,2,2,2,1,5,2,0,0,2,5,3,4,2,3,1
98.0,296,0,0,0,0,0,0,0,0,0,0,0,0,0,0,0,0,0,0,0,0,0,0,0,0,0,0,0,0,0,0,0,0,0,0,0,0,0,0,0,0,0,0,0,0,0,0,0,0,0,0,0,0,0,0,0,0,0,0,0,0,0,0,0,0,0,0,0,0,0,0,2,7,7,8,8,12,10,13,9,6,11,9,9,7,5,6,8,4,6,6,7,6,2,3,4,1,4,2,6,4,3,5,4,1,3,1,3,5,1,2,3,3,0,2,2,1,1,0,1,1,0,0,0,1,0,1,3,2,3,1,1,2,1,0,2,7,0,1,3,4,5,2,3,4,2,5,2,3,5,3,7,3,6,7,5,3,4,1,5,4,3,4,1,1,4,5,1,0,2,3,3,1,1,3,3,6,5,1,2,2,5,2,2,0,6,0,1,2,2,1,0,2,3,1,1,2,0,0,3
99.0,290,0,0,0,0,0,0,0,0,0,0,0,0,0,0,0,0,0,0,0,0,0,0,0,0,0,0,0,0,0,0,0,0,0,0,0,0,0,0,0,0,0,0,0,0,0,0,0,0,0,0,0,0,0,0,0,0,0,0,0,0,0,0,0,0,0,0,0,0,0,1,0,6,2,8,9,7,11,11,11,4,8,9,5,4,11,3,5,6,5,2,4,2,2,2,3,2,8,6,3,1,3,9,0,2,5,2,2,4,2,3,2,2,1,0,3,3,3,3,2,0,2,1,4,3,2,2,1,1,2,3,0,2,0,2,1,2,3,4,2,3,3,3,2,3,4,4,4,4,5,5,7,2,4,3,4,2,6,2,7,3,5,5,6,2,3,1,3,4,0,1,2,1,0,6,1,2,0,4,2,3,0,5,0,4,2,3,1,2,2,0,2,0,4,4,1,2,6,2,6
100.0,262,0,0,0,0,0,0,0,0,0,0,0,0,0,0,0,0,0,0,0,0,0,0,0,0,0,0,0,0,0,0,0,0,0,0,0,0,0,0,0,0,0,0,0,0,0,0,0,0,0,0,0,0,0,0,0,0,0,0,0,0,0,0,0,0,0,0,0,0,1,1,1,3,3,3,8,13,14,7,8,13,6,7,7,7,6,7,3,3,8,1,6,5,7,3,3,6,1,1,2,3,4,3,2,0,2,1,2,0,3,2,0,3,1,6,3,2,3,2,4,2,0,3,1,1,3,0,2,3,1,1,0,2,2,0,0,4,1,4,4,4,7,1,6,5,2,1,6,2,8,4,7,2,5,2,2,6,1,3,5,1,4,5,3,5,5,0,7,4,4,3,1,3,3,0,1,2,3,2,1,2,2,3,1,5,3,2,0,3,4,2,1,0,4,3,1,1,4,5,2
101.0,244,0,0,0,0,0,0,0,0,0,0,0,0,0,0,0,0,0,0,0,0,0,0,0,0,0,0,0,0,0,0,0,0,0,0,0,0,0,0,0,0,0,0,0,0,0,0,0,0,0,0,0,0,0,0,0,0,0,0,0,0,0,0,0,0,0,0,0,0,0,0,1,3,6,8,11,11,13,7,10,9,8,8,11,4,7,4,6,5,4,3,4,4,4,5,4,7,5,7,6,4,3,1,3,3,2,2,3,1,2,1,1,3,1,0,1,3,0,0,0,2,0,2,0,1,0,0,1,1,0,0,0,3,3,1,1,4,1,6,5,2,4,6,6,5,4,6,5,3,4,1,3,4,5,4,7,3,5,5,6,3,5,3,6,3,4,4,6,5,4,4,6,6,1,1,0,4,6,4,1,1,6,1,4,5,0,2,3,4,2,1,3,1,1,3,0,1,1,3,1
102.0,240,0,0,0,0,0,0,0,0,0,0,0,0,0,0,0,0,0,0,0,0,0,0,0,0,0,0,0,0,0,0,0,0,0,0,0,0,0,0,0,0,0,0,0,0,0,0,0,0,0,0,0,0,0,0,0,0,0,0,0,0,0,0,0,0,0,0,0,0,0,3,6,4,5,10,14,3,6,11,8,7,10,4,7,15,8,4,5,6,11,4,5,11,5,4,2,5,3,3,4,3,3,2,3,2,1,4,1,3,2,3,1,5,1,2,3,1,3,1,1,2,2,0,2,0,2,1,1,1,1,0,1,1,2,0,1,6,1,4,4,2,5,6,8,6,5,7,6,3,5,6,4,7,6,7,3,3,8,3,2,6,6,5,3,4,5,3,4,3,1,3,2,2,1,1,0,0,5,4,3,1,1,3,1,1,4,4,2,2,0,0,0,1,2,1,2,4,2,1,2
103.0,258,0,0,0,0,0,0,0,0,0,0,0,0,0,0,0,0,0,0,0,0,0,0,0,0,0,0,0,0,0,0,0,0,0,0,0,0,0,0,0,0,0,0,0,0,0,0,0,0,0,0,0,0,0,0,0,0,0,0,0,0,0,0,0,0,0,0,1,1,5,4,7,11,8,13,11,8,9,7,5,10,9,5,9,4,12,2,6,4,8,6,3,3,6,6,2,2,0,2,3,2,3,5,3,0,3,1,3,3,1,2,2,2,2,1,1,0,1,1,1,1,4,0,2,1,0,2,0,1,2,1,1,0,2,2,1,2,5,5,6,1,9,4,2,4,6,6,0,7,7,7,2,7,5,5,4,3,3,5,4,1,3,5,2,3,4,6,4,3,3,3,4,2,6,2,4,2,0,1,5,4,5,2,3,2,2,3,1,2,1,2,2,3,1,3,3,3,2,4,3
104.0,268,0,0,0,0,0,0,0,0,0,0,0,0,0,0,0,0,0,0,0,0,0,0,0,0,0,0,0,0,0,0,0,0,0,0,0,0,0,0,0,0,0,0,0,0,0,0,0,0,0,0,0,0,0,0,0,0,0,0,0,0,0,0,0,0,0,0,0,0,1,1,2,5,5,4,5,8,7,9,11,9,12,11,7,11,8,7,7,10,6,1,7,2,5,1,6,1,3,2,3,1,4,2,4,2,2,2,2,4,1,2,1,0,0,0,1,5,1,1,1,0,1,1,2,2,0,1,2,2,0,2,3,2,1,4,5,3,1,4,5,3,5,7,4,1,5,8,2,6,5,4,11,8,4,3,6,6,5,6,4,2,5,7,5,1,2,2,4,1,5,2,2,2,2,2,2,5,3,3,1,4,6,1,3,0,2,1,2,2,4,3,0,2,4,3,3,2,4,3,2
105.0,236,0,0,0,0,0,0,0,0,0,0,0,0,0,0,0,0,0,0,0,0,0,0,0,0,0,0,0,0,0,0,0,0,0,0,0,0,0,0,0,0,0,0,0,0,0,0,0,0,0,0,0,0,0,0,0,0,0,0,0,0,0,0,0,0,0,0,0,0,1,1,3,3,10,9,9,10,8,9,10,8,7,6,7,12,8,5,6,6,7,7,3,6,8,8,2,2,3,1,2,5,5,2,3,4,2,4,3,1,2,2,2,3,0,0,1,1,2,2,0,2,0,1,2,3,1,1,0,1,2,0,1,1,3,1,2,1,2,6,5,13,2,0,5,3,5,5,5,8,5,3,5,5,6,6,10,5,6,2,6,7,5,2,4,4,6,5,2,2,5,4,3,3,1,2,2,0,2,3,1,3,1,0,6,4,2,1,1,7,1,4,2,2,2,1,1,2,1,2,2
106.0,263,0,0,0,0,0,0,0,0,0,0,0,0,0,0,0,0,0,0,0,0,0,0,0,0,0,0,0,0,0,0,0,0,0,0,0,0,0,0,0,0,0,0,0,0,0,0,0,0,0,0,0,0,0,0,0,0,0,0,0,0,0,0,0,0,0,0,0,0,0,2,3,9,18,9,12,9,13,12,10,12,7,11,3,8,8,4,7,8,7,6,6,7,4,6,4,4,3,1,5,2,5,1,5,1,3,1,1,0,2,1,3,1,0,2,4,4,1,2,0,2,0,1,3,0,0,1,3,4,0,3,0,1,3,2,3,1,4,5,5,6,7,5,2,4,9,4,10,7,5,2,6,3,4,4,5,2,2,4,2,3,2,2,3,4,3,5,3,7,8,3,3,2,3,3,1,1,4,3,3,2,2,1,1,0,1,2,1,1,2,1,1,3,3,3,3,2,2,0,3
107.0,237,0,0,0,0,0,0,0,0,0,0,0,0,0,0,0,0,0,0,0,0,0,0,0,0,0,0,0,0,0,0,0,0,0,0,0,0,0,0,0,0,0,0,0,0,0,0,0,0,0,0,0,0,0,0,0,0,0,0,0,0,0,0,0,0,0,0,0,1,2,0,5,7,11,11,7,14,18,13,9,13,6,10,10,4,5,8,7,2,6,3,2,4,5,2,6,6,5,3,2,3,3,1,3,7,3,1,4,3,0,4,1,2,1,2,0,3,0,1,1,1,1,3,0,0,2,0,0,1,0,2,3,1,0,2,2,1,1,2,2,4,6,8,2,6,6,5,4,4,5,2,6,3,11,5,3,6,2,5,5,3,5,5,5,1,2,2,3,3,4,3,3,1,5,5,4,3,5,1,1,2,2,3,2,2,1,3,2,4,3,2,1,1,0,6,5,3,2,2,0
108.0,220,0,0,0,0,0,0,0,0,0,0,0,0,0,0,0,0,0,0,0,0,0,0,0,0,0,0,0,0,0,0,0,0,0,0,0,0,0,0,0,0,0,0,0,0,0,0,0,0,0,0,0,0,0,0,0,0,0,0,0,0,0,0,0,0,0,0,0,0,2,0,2,3,9,4,11,9,12,8,10,10,9,5,4,8,6,11,5,6,5,8,2,3,4,1,3,0,6,5,2,3,1,2,0,6,4,3,3,4,5,2,2,4,2,5,3,0,1,2,0,0,1,0,1,1,1,2,1,1,0,0,0,1,1,2,5,5,4,1,6,6,2,4,7,6,1,5,5,13,4,4,5,3,5,7,6,1,9,3,2,7,1,6,5,3,3,2,6,1,6,5,3,1,5,4,3,2,1,4,0,4,3,1,2,4,2,2,2,6,1,3,0,1,1,2,5,3,4,5,1
109.0,229,0,0,0,0,0,0,0,0,0,0,0,0,0,0,0,0,0,0,0,0,0,0,0,0,0,0,0,0,0,0,0,0,0,0,0,0,0,0,0,0,0,0,0,0,0,0,0,0,0,0,0,0,0,0,0,0,0,0,0,0,0,0,0,0,0,0,0,0,2,5,6,4,9,7,8,9,8,11,13,13,11,10,11,4,7,6,7,6,3,4,1,4,3,7,4,3,2,7,4,2,4,3,3,4,1,3,1,1,1,6,3,1,4,2,4,1,2,2,3,2,0,0,2,2,2,0,0,3,1,1,1,1,1,2,3,2,2,4,7,5,1,6,9,5,7,0,6,7,10,4,5,6,5,5,1,3,2,4,8,3,3,3,4,3,5,4,4,6,3,3,2,1,7,2,2,3,2,4,1,1,4,3,3,3,3,2,1,3,2,3,6,3,1,1,2,4,4,2,4
110.0,242,0,0,0,0,0,0,0,0,0,0,0,0,0,0,0,0,0,0,0,0,0,0,0,0,0,0,0,0,0,0,0,0,0,0,0,0,0,0,0,0,0,0,0,0,0,0,0,0,0,0,0,0,0,0,0,0,0,0,0,0,0,0,0,0,0,0,0,1,0,1,2,0,7,7,20,6,9,15,4,15,7,6,9,5,8,6,7,7,6,2,5,4,4,2,3,7,1,1,5,5,2,3,4,2,2,1,4,0,3,1,2,2,1,3,2,2,2,3,1,2,1,0,5,2,0,1,0,0,3,1,1,2,0,1,5,3,3,6,4,4,7,7,7,3,7,7,7,5,3,9,4,2,4,4,4,6,7,1,8,3,4,4,6,1,0,5,3,2,6,3,3,3,1,2,2,1,4,1,3,3,1,1,2,2,2,3,2,2,4,3,2,5,1,4,1,6,5,5,2
111.0,212,0,0,0,0,0,0,0,0,0,0,0,0,0,0,0,0,0,0,0,0,0,0,0,0,0,0,0,0,0,0,0,0,0,0,0,0,0,0,0,0,0,0,0,0,0,0,0,0,0,0,0,0,0,0,0,0,0,0,0,0,0,0,0,0,0,0,0,0,0,1,1,6,13,8,12,12,13,6,6,12,9,7,7,8,2,3,3,3,6,5,2,4,6,2,5,5,5,6,0,1,2,0,3,2,3,1,1,3,1,5,4,2,1,1,2,2,0,1,3,1,2,1,0,1,1,1,2,1,3,1,2,3,2,2,3,3,2,6,2,4,6,7,6,6,4,7,4,9,7,2,8,8,7,5,6,2,4,3,4,5,5,4,4,6,1,3,4,4,3,5,4,0,5,2,3,5,4,3,3,2,1,3,2,5,2,2,1,2,0,2,1,2,5,1,3,3,3,3,3
112.0,225,0,0,0,0,0,0,0,0,0,0,0,0,0,0,0,0,0,0,0,0,0,0,0,0,0,0,0,0,0,0,0,0,0,0,0,0,0,0,0,0,0,0,0,0,0,0,0,0,0,0,0,0,0,0,0,0,0,0,0,0,0,0,0,0,0,0,0,0,0,2,2,13,6,7,19,12,9,10,13,6,10,6,4,6,5,10,3,5,8,9,6,4,4,5,2,4,1,4,3,5,3,3,3,3,5,3,2,2,1,0,1,0,0,1,3,1,2,1,0,3,1,0,4,1,2,0,0,4,4,4,0,0,2,2,1,4,2,4,5,5,4,8,4,5,5,4,6,3,6,6,5,6,6,6,6,1,8,8,5,7,4,7,4,0,3,4,6,4,7,6,0,3,4,5,4,2,3,2,3,3,2,1,4,3,2,0,1,2,4,8,0,1,2,1,3,3,3,2,3
113.0,240,0,0,0,0,0,0,0,0,0,0,0,0,0,0,0,0,0,0,0,0,0,0,0,0,0,0,0,0,0,0,0,0,0,0,0,0,0,0,0,0,0,0,0,0,0,0,0,0,0,0,0,0,0,0,0,0,0,0,0,0,0,0,0,0,0,0,0,0,0,3,3,7,6,12,8,6,10,11,7,11,9,5,7,6,8,4,3,6,3,9,4,4,4,5,3,8,2,3,5,0,2,4,4,2,1,2,2,2,1,6,1,1,2,1,1,1,0,1,4,0,1,3,3,1,3,1,0,3,1,1,2,2,3,1,3,3,5,3,1,3,7,4,4,5,6,5,4,4,6,8,7,9,3,4,6,8,3,4,3,3,3,6,7,4,7,7,4,1,4,7,1,4,5,2,3,5,4,1,1,4,3,2,3,1,3,2,1,0,5,1,2,3,4,4,5,2,5,3,3
114.0,255,0,0,0,0,0,0,0,0,0,0,0,0,0,0,0,0,0,0,0,0,0,0,0,0,0,0,0,0,0,0,0,0,0,0,0,0,0,0,0,0,0,0,0,0,0,0,0,0,0,0,0,0,0,0,0,0,0,0,0,0,0,0,0,0,0,0,0,0,2,4,2,7,8,7,9,2,9,13,7,7,7,6,8,6,6,6,7,9,6,1,6,3,5,5,3,2,4,2,2,5,3,2,3,2,2,3,1,2,4,1,5,1,1,1,1,1,2,3,3,0,3,2,0,0,0,1,0,2,1,1,2,0,1,1,2,1,2,5,2,6,4,5,5,5,3,13,4,7,8,4,2,1,5,7,3,4,5,5,7,4,2,4,7,7,4,6,6,1,3,1,1,1,4,4,3,3,5,2,5,3,4,2,1,7,1,2,1,1,3,2,4,4,1,5,2,3,0,2,1
115.0,226,0,0,0,0,0,0,0,0,0,0,0,0,0,0,0,0,0,0,0,0,0,0,0,0,0,0,0,0,0,0,0,0,0,0,0,0,0,0,0,0,0,0,0,0,0,0,0,0,0,0,0,0,0,0,0,0,0,0,0,0,0,0,0,0,0,1,0,1,3,3,6,2,8,6,6,2,11,7,7,11,7,8,6,4,5,4,11,2,6,6,0,2,1,5,2,2,5,3,2,2,4,2,1,0,3,1,4,3,1,0,0,1,2,2,1,0,2,0,0,1,3,2,0,1,1,3,1,1,1,1,2,2,1,1,4,5,3,4,3,1,5,4,4,8,8,7,10,8,5,8,10,3,3,6,1,10,7,8,3,4,5,8,5,4,6,9,2,5,5,2,2,3,2,1,11,7,5,0,4,2,2,3,0,4,2,1,2,2,4,5,6,0,4,3,7,12,2,9,2
116.0,227,0,0,0,0,0,0,0,0,0,0,0,0,0,0,0,0,0,0,0,0,0,0,0,0,0,0,0,0,0,0,0,0,0,0,0,0,0,0,0,0,0,0,0,0,0,0,0,0,0,0,0,0,0,0,0,0,0,0,0,0,0,0,0,0,0,0,0,0,0,3,8,5,5,6,12,2,11,11,11,8,4,7,7,2,3,9,4,9,2,3,2,6,7,7,2,5,1,0,3,3,5,2,2,2,4,0,5,2,0,0,1,3,2,3,2,0,3,4,2,0,1,0,3,2,0,1,1,3,0,1,2,2,2,2,2,2,3,2,4,3,1,9,3,2,6,6,8,7,5,3,8,4,9,5,4,3,7,8,10,6,2,4,2,6,1,4,4,4,2,2,3,4,0,6,2,1,1,6,2,2,5,5,4,0,2,1,4,4,2,1,3,2,3,5,0,5,5,2,8
117.0,232,0,0,0,0,0,0,0,0,0,0,0,0,0,0,0,0,0,0,0,0,0,0,0,0,0,0,0,0,0,0,0,0,0,0,0,0,0,0,0,0,0,0,0,0,0,0,0,0,0,0,0,0,0,0,0,0,0,0,0,0,0,0,0,0,0,0,0,0,0,0,1,6,6,10,10,5,8,10,13,6,5,7,4,3,5,8,6,5,2,5,3,3,2,6,3,8,5,5,5,2,0,1,2,2,1,3,2,3,1,4,3,4,1,1,2,6,1,2,2,1,2,2,1,1,1,2,1,1,2,1,0,3,1,1,1,5,1,2,6,8,4,3,2,2,7,6,5,6,6,1,11,4,2,5,5,7,7,6,2,1,4,4,4,3,1,4,3,4,4,1,2,2,7,1,2,3,2,1,1,4,0,1,6,3,4,1,2,4,1,4,3,3,8,6,3,5,3,3,4
118.0,250,0,0,0,0,0,0,0,0,0,0,0,0,0,0,0,0,0,0,0,0,0,0,0,0,0,0,0,0,0,0,0,0,0,0,0,0,0,0,0,0,0,0,0,0,0,0,0,0,0,0,0,0,0,0,0,0,0,0,0,0,0,0,0,0,0,0,0,0,1,1,3,3,4,6,11,7,8,12,10,7,11,5,4,4,6,5,5,4,12,6,2,3,2,2,2,4,2,4,4,2,4,2,2,2,2,1,4,0,3,2,0,1,2,2,2,1,2,0,1,1,1,3,0,2,5,3,0,2,0,1,0,1,0,3,4,2,7,6,5,4,6,4,6,8,7,6,6,6,4,4,5,2,5,4,0,4,5,3,2,4,7,4,3,3,3,6,5,4,4,3,3,5,7,3,5,4,4,5,4,5,3,3,2,3,2,2,2,4,2,2,6,2,3,6,3,1,5,6,1
119.0,239,0,0,0,0,0,0,0,0,0,0,0,0,0,0,0,0,0,0,0,0,0,0,0,0,0,0,0,0,0,0,0,0,0,0,0,0,0,0,0,0,0,0,0,0,0,0,0,0,0,0,0,0,0,0,0,0,0,0,0,0,0,0,0,0,0,0,1,0,0,0,2,2,9,5,9,11,4,5,4,9,7,10,6,7,6,4,3,4,3,7,7,3,2,3,3,1,4,5,3,2,4,2,4,3,1,2,2,1,0,1,7,2,0,1,1,1,2,2,3,0,2,2,2,3,1,3,0,2,2,3,0,0,3,2,4,5,3,3,2,5,8,1,5,7,8,3,5,7,10,5,6,6,7,7,4,9,3,3,6,3,4,5,4,2,4,4,5,4,1,2,2,3,1,8,3,4,4,0,0,2,6,5,3,4,2,0,1,4,4,2,1,2,5,3,7,3,5,4,5
120.0,264,0,0,0,0,0,0,0,0,0,0,0,0,0,0,0,0,0,0,0,0,0,0,0,0,0,0,0,0,0,0,0,0,0,0,0,0,0,0,0,0,0,0,0,0,0,0,0,0,0,0,0,0,0,0,0,0,0,0,0,0,0,0,0,0,0,0,0,1,0,1,2,6,7,7,7,6,12,12,1,9,1,5,6,6,8,3,3,5,3,2,0,3,3,3,2,2,3,3,0,2,2,3,0,4,2,4,2,2,0,1,1,2,1,4,2,1,0,1,0,3,4,2,1,1,2,1,1,1,0,0,2,0,3,1,1,2,7,1,2,6,4,7,4,11,5,7,7,5,3,3,5,3,8,7,3,9,2,6,3,2,2,2,6,6,2,7,1,4,4,3,2,3,5,3,6,3,4,1,6,2,0,3,2,4,3,2,4,4,4,1,3,3,4,5,7,5,6,1,5
121.0,253,0,0,0,0,0,0,0,0,0,0,0,0,0,0,0,0,0,0,0,0,0,0,0,0,0,0,0,0,0,0,0,0,0,0,0,0,0,0,0,0,0,0,0,0,0,0,0,0,0,0,0,0,0,0,0,0,0,0,0,0,0,0,0,0,0,0,0,0,1,1,6,5,4,4,8,10,5,5,5,3,9,7,1,3,14,5,5,2,4,8,2,4,3,2,2,2,6,5,3,4,1,2,4,4,1,1,2,1,1,1,0,1,0,0,2,1,1,1,0,3,0,3,1,1,0,0,0,0,4,1,2,3,2,3,1,1,2,3,2,11,1,5,5,7,14,6,3,6,2,3,6,5,5,6,2,7,7,5,5,2,4,8,3,3,5,7,4,5,3,3,5,2,9,2,3,1,2,3,2,2,2,0,1,3,4,6,6,1,2,4,2,1,2,3,2,12,7,7,2
122.0,241,0,0,0,0,0,0,0,0,0,0,0,0,0,0,0,0,0,0,0,0,0,0,0,0,0,0,0,0,0,0,0,0,0,0,0,0,0,0,0,0,0,0,0,0,0,0,0,0,0,0,0,0,0,0,0,0,0,0,0,0,0,0,0,0,0,0,0,0,2,2,3,2,3,12,10,6,5,5,10,8,8,1,6,4,9,7,5,1,5,3,2,3,1,4,5,1,3,2,5,2,4,1,2,1,1,4,1,1,1,4,0,2,2,0,3,1,4,2,1,0,0,4,3,2,2,0,3,1,0,2,1,1,0,0,0,2,4,5,3,3,4,8,4,6,5,5,6,8,6,13,5,6,4,4,2,7,4,2,3,6,5,5,4,4,4,6,7,4,6,4,3,2,3,4,5,4,1,8,2,2,1,4,2,2,2,1,5,1,6,2,4,3,5,6,7,8,3,5,4
123.0,264,0,0,0,0,0,0,0,0,0,0,0,0,0,0,0,0,0,0,0,0,0,0,0,0,0,0,0,0,0,0,0,0,0,0,0,0,0,0,0,0,0,0,0,0,0,0,0,0,0,0,0,0,0,0,0,0,0,0,0,0,0,0,0,0,0,0,0,0,0,1,1,1,2,3,2,12,9,7,5,7,8,6,7,6,8,5,6,5,3,5,3,5,4,4,1,1,2,3,2,2,3,3,2,0,0,4,2,2,3,1,1,0,1,2,2,2,1,0,3,2,2,2,2,3,1,1,1,1,1,4,3,1,1,1,2,3,2,1,4,4,3,2,4,1,2,5,5,2,7,2,3,9,8,11,4,7,4,7,2,5,3,3,7,3,11,6,5,8,3,2,6,2,6,2,2,3,1,4,2,3,1,2,5,2,2,3,2,2,3,3,3,5,5,7,6,6,4,2,2
124.0,286,0,0,0,0,0,0,0,0,0,0,0,0,0,0,0,0,0,0,0,0,0,0,0,0,0,0,0,0,0,0,0,0,0,0,0,0,0,0,0,0,0,0,0,0,0,0,0,0,0,0,0,0,0,0,0,0,0,0,0,0,0,0,0,0,0,0,0,0,0,0,2,3,5,4,3,6,7,6,11,5,6,9,5,3,7,6,3,3,2,3,2,4,6,2,2,1,3,3,6,2,2,1,3,4,1,0,0,1,2,2,2,2,1,0,1,0,2,2,2,0,0,1,2,0,0,0,0,1,2,3,2,1,4,1,0,4,4,0,8,4,8,2,7,3,5,7,8,5,5,5,5,5,7,2,2,8,6,4,2,3,3,5,4,3,3,6,4,6,2,5,5,2,2,2,1,7,4,6,1,2,4,1,1,3,2,2,4,2,3,1,2,3,1,1,2,4,5,5,4
125.0,263,0,0,0,0,0,0,0,0,0,0,0,0,0,0,0,0,0,0,0,0,0,0,0,0,0,0,0,0,0,0,0,0,0,0,0,0,0,0,0,0,0,0,0,0,0,0,0,0,0,0,0,0,0,0,0,0,0,0,0,0,0,0,0,0,0,0,0,0,0,0,4,3,2,5,7,10,8,9,6,2,9,2,13,5,4,4,4,5,6,4,4,4,6,3,0,4,6,7,4,5,1,1,3,1,4,1,3,3,2,1,3,2,2,0,1,1,1,1,1,2,0,0,3,0,0,0,0,0,1,2,2,5,0,0,1,3,2,1,6,2,4,9,4,6,7,4,4,3,7,8,6,9,5,4,3,3,9,3,6,6,3,8,4,6,3,3,4,6,2,4,5,1,8,3,0,1,1,4,3,4,5,3,1,2,4,2,3,3,4,6,2,2,5,3,4,9,4,3,6
126.0,267,0,0,0,0,0,0,0,0,0,0,0,0,0,0,0,0,0,0,0,0,0,0,0,0,0,0,0,0,0,0,0,0,0,0,0,0,0,0,0,0,0,0,0,0,0,0,0,0,0,0,0,0,0,0,0,0,0,0,0,0,0,0,0,0,0,0,0,1,1,3,4,4,8,7,6,10,11,7,7,8,9,6,3,5,5,4,7,6,0,4,6,2,2,2,2,0,1,5,5,1,1,0,6,3,1,2,0,1,0,6,0,3,4,1,1,2,0,1,4,1,2,0,2,2,1,3,0,1,0,1,0,2,2,2,1,2,1,1,4,1,10,5,5,5,4,4,5,6,3,4,6,4,7,7,7,3,4,4,6,6,1,5,9,5,6,4,6,5,4,4,4,2,3,2,4,3,3,1,3,2,5,2,2,3,4,8,0,5,5,4,2,4,2,4,1,5,3,3,4
127.0,268,0,0,0,0,0,0,0,0,0,0,0,0,0,0,0,0,0,0,0,0,0,0,0,0,0,0,0,0,0,0,0,0,0,0,0,0,0,0,0,0,0,0,0,0,0,0,0,0,0,0,0,0,0,0,0,0,0,0,0,0,0,0,0,0,0,0,0,0,0,0,2,0,3,4,11,13,13,7,11,8,6,6,7,4,4,7,4,2,1,3,3,3,4,3,7,1,3,1,2,1,2,0,1,2,4,3,2,2,5,2,1,1,0,2,2,1,1,1,3,3,3,0,1,1,1,0,1,1,3,1,1,0,0,4,2,2,3,2,2,3,5,3,8,4,1,4,4,3,7,7,4,2,3,3,5,3,3,4,5,9,5,7,6,3,5,5,2,2,4,1,2,4,0,1,7,2,2,1,5,4,4,3,5,4,2,1,1,4,3,1,1,4,5,1,3,3,3,4,2
128.0,296,0,0,0,0,0,0,0,0,0,0,0,0,0,0,0,0,0,0,0,0,0,0,0,0,0,0,0,0,0,0,0,0,0,0,0,0,0,0,0,0,0,0,0,0,0,0,0,0,0,0,0,0,0,0,0,0,0,0,0,0,0,0,0,0,0,0,0,0,0,1,0,2,2,7,7,7,6,10,10,5,8,4,9,6,11,3,8,1,0,4,4,3,5,4,2,1,1,2,3,3,3,1,3,1,3,1,4,2,2,2,5,0,1,2,2,1,1,1,7,1,0,2,0,0,3,2,1,1,0,1,1,1,1,3,2,2,2,1,3,5,4,4,3,7,4,7,1,5,2,6,3,5,6,7,9,5,7,7,5,4,8,3,2,1,4,6,3,5,5,4,6,2,2,2,3,1,8,5,0,3,4,1,1,4,4,0,3,0,0,3,3,4,2,2,2,2,5,3,4
129.0,291,0,0,0,0,0,0,0,0,0,0,0,0,0,0,0,0,0,0,0,0,0,0,0,0,0,0,0,0,0,0,0,0,0,0,0,0,0,0,0,0,0,0,0,0,0,0,0,0,0,0,0,0,0,0,0,0,0,0,0,0,0,0,0,0,0,0,0,0,0,0,4,0,3,7,6,10,10,12,9,10,5,8,4,4,6,7,8,5,5,4,0,4,2,2,0,6,1,3,1,3,1,0,1,3,1,2,2,1,0,0,0,1,2,2,2,1,2,0,2,2,1,4,0,0,0,2,1,1,0,2,0,2,0,2,1,2,4,2,3,4,5,5,4,5,2,5,6,1,9,4,8,5,9,5,4,7,5,6,3,1,1,9,6,1,5,3,0,1,4,1,5,4,4,2,8,3,3,2,4,2,4,3,3,1,2,4,2,0,1,4,7,2,5,1,5,4,5,8,4
130.0,280,0,0,0,0,0,0,0,0,0,0,0,0,0,0,0,0,0,0,0,0,0,0,0,0,0,0,0,0,0,0,0,0,0,0,0,0,0,0,0,0,0,0,0,0,0,0,0,0,0,0,0,0,0,0,0,0,0,0,0,0,0,0,0,0,0,0,0,0,0,0,1,3,7,1,4,17,15,8,9,8,3,7,3,5,8,3,8,6,2,2,2,3,4,3,3,0,1,4,0,4,2,2,1,7,1,2,1,2,0,1,2,1,3,4,2,1,2,0,1,1,1,0,2,0,1,1,1,0,0,1,2,0,2,4,0,4,1,6,2,4,3,6,6,5,11,5,3,5,5,5,4,1,4,4,5,0,7,7,6,4,6,6,2,4,2,3,5,2,2,3,1,2,5,1,4,3,2,5,2,1,5,1,3,2,3,1,1,2,1,1,0,5,3,5,1,5,2,3,1
131.0,305,0,0,0,0,0,0,0,0,0,0,0,0,0,0,0,0,0,0,0,0,0,0,0,0,0,0,0,0,0,0,0,0,0,0,0,0,0,0,0,0,0,0,0,0,0,0,0,0,0,0,0,0,0,0,0,0,0,0,0,0,0,0,0,0,0,0,0,0,0,0,0,2,4,5,5,5,6,8,8,4,8,5,10,5,8,5,3,2,5,5,6,4,6,6,3,3,0,0,7,2,3,2,4,0,0,2,0,1,2,1,1,1,1,1,2,2,2,0,3,1,0,1,4,1,1,2,1,2,0,1,1,1,1,0,1,4,4,4,4,2,3,3,4,1,5,0,4,6,6,6,2,8,3,3,6,10,4,5,3,3,4,3,7,2,6,4,3,3,2,4,7,6,2,2,4,3,3,1,2,3,2,1,3,3,4,3,2,2,2,4,6,3,3,6,4,6,4,6,5
132.0,304,0,0,0,0,0,0,0,0,0,0,0,0,0,0,0,0,0,0,0,0,0,0,0,0,0,0,0,0,0,0,0,0,0,0,0,0,0,0,0,0,0,0,0,0,0,0,0,0,0,0,0,0,0,0,0,0,0,0,0,0,0,0,0,0,0,0,0,0,0,0,1,4,5,2,6,6,5,7,8,4,3,9,10,8,4,7,12,2,3,6,1,2,5,3,3,1,2,3,3,1,1,3,0,2,3,1,5,1,1,0,3,3,1,1,2,2,3,2,0,2,0,3,1,0,0,1,0,2,3,3,2,0,3,1,2,2,2,3,2,3,3,7,3,4,6,3,3,2,4,1,7,7,8,5,4,8,7,3,2,4,2,2,5,4,6,4,2,3,0,2,2,3,0,3,6,3,5,3,4,7,4,3,4,0,3,7,2,2,3,3,5,5,2,6,7,5,3,1,6
133.0,295,0,0,0,0,0,0,0,0,0,0,0,0,0,0,0,0,0,0,0,0,0,0,0,0,0,0,0,0,0,0,0,0,0,0,0,0,0,0,0,0,0,0,0,0,0,0,0,0,0,0,0,0,0,0,0,0,0,0,0,0,0,0,0,0,0,0,0,0,0,0,1,0,5,8,12,14,6,6,9,4,8,10,4,2,8,5,4,8,7,3,4,5,3,4,0,0,7,3,3,3,3,1,5,1,4,2,4,1,1,2,1,3,2,1,3,2,0,2,1,0,0,2,0,2,1,0,0,1,0,1,0,0,0,1,1,1,2,2,3,2,4,6,4,3,3,2,2,6,6,5,2,6,4,4,5,5,4,5,0,1,3,4,5,2,3,3,3,7,4,3,2,0,4,7,3,3,5,3,8,1,2,1,3,7,3,2,3,1,4,1,4,3,3,2,2,1,5,7,5
134.0,306,0,0,0,0,0,0,0,0,0,0,0,0,0,0,0,0,0,0,0,0,0,0,0,0,0,0,0,0,0,0,0,0,0,0,0,0,0,0,0,0,0,0,0,0,0,0,0,0,0,0,0,0,0,0,0,0,0,0,0,0,0,0,0,0,0,0,0,0,0,0,2,5,7,6,8,8,9,9,11,7,11,7,4,12,8,6,4,4,7,6,5,4,4,2,2,4,6,1,3,4,2,2,2,1,1,2,4,1,1,2,2,3,1,3,1,1,3,2,0,1,3,1,2,0,0,1,1,1,0,2,0,3,0,3,1,1,4,2,4,1,1,5,2,3,2,4,2,3,2,5,1,2,2,4,4,2,2,2,4,4,4,2,2,4,2,2,4,4,4,3,3,2,3,4,0,0,3,5,5,3,1,3,3,2,7,1,3,2,5,2,0,4,2,3,4,2,5,8,4
135.0,308,0,0,0,0,0,0,0,0,0,0,0,0,0,0,0,0,0,0,0,0,0,0,0,0,0,0,0,0,0,0,0,0,0,0,0,0,0,0,0,0,0,0,0,0,0,0,0,0,0,0,0,0,0,0,0,0,0,0,0,0,0,0,0,0,0,0,0,0,2,1,4,7,5,2,6,4,6,5,8,7,9,8,5,7,6,2,1,4,6,4,2,4,1,6,2,3,5,4,2,1,3,2,1,1,2,2,0,4,5,1,3,1,1,0,0,1,0,1,1,3,1,1,4,1,0,4,0,0,1,1,0,2,1,1,0,1,4,2,2,3,6,3,6,5,4,5,8,2,4,6,7,5,2,1,3,2,5,4,5,8,7,3,3,1,4,3,2,4,3,1,1,4,7,2,3,0,8,4,2,5,3,4,0,5,4,3,3,3,1,2,6,2,4,6,3,4,2,2,6
136.0,299,0,0,0,0,0,0,0,0,0,0,0,0,0,0,0,0,0,0,0,0,0,0,0,0,0,0,0,0,0,0,0,0,0,0,0,0,0,0,0,0,0,0,0,0,0,0,0,0,0,0,0,0,0,0,0,0,0,0,0,0,0,0,0,0,0,0,0,0,0,2,5,7,5,7,6,10,8,2,6,5,9,8,8,4,6,5,5,5,6,3,5,1,7,4,2,2,4,2,6,6,2,3,1,2,0,3,0,3,5,0,1,1,1,1,0,1,2,1,0,2,2,2,1,1,2,0,0,0,0,0,2,2,1,1,0,3,2,2,2,5,1,3,1,8,3,1,4,3,5,5,5,9,2,7,3,2,2,4,10,5,4,6,3,0,4,1,1,3,5,1,4,6,3,1,3,2,2,5,4,3,2,1,2,3,1,1,1,2,4,5,3,4,4,4,6,1,4,7,5
137.0,288,0,0,0,0,0,0,0,0,0,0,0,0,0,0,0,0,0,0,0,0,0,0,0,0,0,0,0,0,0,0,0,0,0,0,0,0,0,0,0,0,0,0,0,0,0,0,0,0,0,0,0,0,0,0,0,0,0,0,0,0,0,0,0,0,0,0,0,0,0,0,3,3,8,9,9,11,9,9,11,7,8,4,7,7,5,5,5,4,9,5,5,2,4,5,2,1,2,3,4,1,5,1,4,3,5,2,1,0,1,2,1,0,2,0,2,2,2,1,0,1,1,0,1,3,0,1,1,1,1,0,0,2,0,1,0,2,1,3,5,1,1,3,3,5,1,5,3,4,3,3,3,8,2,6,6,4,3,5,3,6,4,2,4,6,4,3,7,2,3,4,2,3,4,0,4,1,3,2,0,0,1,3,4,4,6,2,1,4,3,3,1,4,3,5,3,5,4,4,1
138.0,312,0,0,0,0,0,0,0,0,0,0,0,0,0,0,0,0,0,0,0,0,0,0,0,0,0,0,0,0,0,0,0,0,0,0,0,0,0,0,0,0,0,0,0,0,0,0,0,0,0,0,0,0,0,0,0,0,0,0,0,0,0,0,0,0,0,0,0,0,0,0,3,3,2,10,11,6,6,6,8,7,9,7,12,2,6,1,2,3,8,2,4,1,0,5,3,9,2,3,5,2,5,6,2,1,5,3,3,0,1,2,0,3,0,5,1,1,2,1,1,2,3,1,0,2,0,0,1,2,1,0,0,0,1,1,3,0,3,6,1,2,2,7,2,7,6,3,3,3,9,3,4,1,2,3,4,2,4,6,5,1,5,3,3,0,3,4,3,3,1,1,1,0,4,1,1,3,3,4,2,4,9,0,1,4,3,0,2,5,2,4,3,1,2,1,6,5,8,4,3
139.0,289,0,0,0,0,0,0,0,0,0,0,0,0,0,0,0,0,0,0,0,0,0,0,0,0,0,0,0,0,0,0,0,0,0,0,0,0,0,0,0,0,0,0,0,0,0,0,0,0,0,0,0,0,0,0,0,0,0,0,0,0,0,0,0,0,0,0,0,0,0,1,0,2,9,7,9,6,9,11,3,7,6,11,9,8,9,6,4,3,4,6,4,5,3,3,5,1,3,2,3,4,1,5,1,2,2,2,1,0,1,4,1,4,1,2,1,1,1,2,2,0,0,2,2,1,1,0,0,0,0,1,3,1,1,0,2,2,2,1,3,9,2,6,2,7,3,2,4,3,3,5,6,6,3,0,4,4,4,2,5,6,5,5,5,8,1,2,2,0,3,8,1,5,3,3,4,2,2,2,1,3,2,4,1,2,3,0,6,1,4,1,6,2,1,6,4,3,2,3,7
140.0,301,0,0,0,0,0,0,0,0,0,0,0,0,0,0,0,0,0,0,0,0,0,0,0,0,0,0,0,0,0,0,0,0,0,0,0,0,0,0,0,0,0,0,0,0,0,0,0,0,0,0,0,0,0,0,0,0,0,0,0,0,0,0,0,0,0,0,0,1,2,2,3,10,8,4,6,7,10,10,9,9,13,10,4,8,4,9,3,3,5,7,2,3,2,4,4,4,4,4,3,2,3,2,0,2,3,5,1,1,1,0,7,1,2,0,4,3,1,0,1,1,5,2,0,2,1,3,1,1,3,1,2,1,1,1,1,1,3,6,3,2,2,5,5,4,5,2,2,7,3,3,1,2,5,10,3,7,4,2,1,7,6,0,3,3,2,0,3,7,3,1,0,7,2,2,2,1,1,1,0,5,1,1,3,2,3,3,1,2,3,1,1,3,3,2,3,2,5,3,4
141.0,281,0,0,0,0,0,0,0,0,0,0,0,0,0,0,0,0,0,0,0,0,0,0,0,0,0,0,0,0,0,0,0,0,0,0,0,0,0,0,0,0,0,0,0,0,0,0,0,0,0,0,0,0,0,0,0,0,0,0,0,0,0,0,0,0,0,0,0,0,0,0,1,3,3,4,9,16,10,12,7,9,7,3,6,5,4,2,3,4,4,7,7,2,2,6,3,6,3,7,2,1,1,1,3,1,1,2,2,3,2,2,0,1,4,0,1,1,4,0,1,3,1,0,1,2,0,2,1,4,0,0,0,2,0,0,2,2,3,1,2,1,1,5,4,5,2,5,10,5,3,2,4,3,2,6,6,5,6,5,5,6,3,2,3,3,3,6,6,3,3,7,3,2,2,2,3,1,3,0,5,5,3,3,5,2,3,0,1,3,3,2,4,2,1,3,1,3,3,5,2
142.0,282,0,0,0,0,0,0,0,0,0,0,0,0,0,0,0,0,0,0,0,0,0,0,0,0,0,0,0,0,0,0,0,0,0,0,0,0,0,0,0,0,0,0,0,0,0,0,0,0,0,0,0,0,0,0,0,0,0,0,0,0,0,0,0,0,0,0,0,0,1,0,2,3,6,4,7,12,10,9,12,5,7,13,6,7,7,5,2,10,8,8,8,4,1,8,5,0,5,1,2,2,5,2,1,0,7,2,2,1,0,3,2,0,1,1,0,2,2,1,3,1,2,0,1,0,0,1,2,1,1,1,1,1,0,1,2,1,1,5,5,4,3,3,4,4,4,4,3,6,2,5,5,11,3,3,3,5,5,2,0,1,3,4,2,4,2,1,2,4,2,2,2,3,2,3,4,2,2,3,4,2,3,7,1,4,2,2,0,3,1,2,2,5,4,3,1,2,9,3,5
143.0,310,0,0,0,0,0,0,0,0,0,0,0,0,0,0,0,0,0,0,0,0,0,0,0,0,0,0,0,0,0,0,0,0,0,0,0,0,0,0,0,0,0,0,0,0,0,0,0,0,0,0,0,0,0,0,0,0,0,0,0,0,0,0,0,0,0,0,0,0,0,0,1,5,3,9,5,6,15,11,16,5,8,9,7,8,5,4,7,5,5,5,4,2,5,2,9,2,2,0,3,3,1,3,1,2,2,2,1,0,1,1,4,1,3,0,1,4,2,2,2,1,0,4,1,1,2,1,2,1,0,1,0,1,1,2,0,3,1,1,4,1,2,5,5,9,4,4,1,7,7,3,7,7,7,5,1,2,5,4,3,7,2,3,3,2,4,3,3,1,6,2,3,1,4,4,4,5,4,3,2,1,0,2,4,2,2,6,4,1,3,4,6,4,0,3,0,3,3,5,2
144.0,293,0,0,0,0,0,0,0,0,0,0,0,0,0,0,0,0,0,0,0,0,0,0,0,0,0,0,0,0,0,0,0,0,0,0,0,0,0,0,0,0,0,0,0,0,0,0,0,0,0,0,0,0,0,0,0,0,0,0,0,0,0,0,0,0,0,0,0,0,0,4,4,2,5,5,4,7,14,9,10,11,6,9,5,7,7,7,8,4,4,5,4,3,3,3,3,9,4,2,2,3,0,3,3,3,1,1,1,2,2,2,3,3,1,1,0,1,4,0,2,1,0,1,0,0,1,1,2,0,2,1,1,2,0,1,0,2,0,2,0,1,2,2,6,3,6,3,3,4,3,7,4,3,6,5,5,5,5,3,0,4,4,3,1,2,3,0,3,2,5,4,1,2,1,1,1,2,3,4,1,2,2,2,1,2,3,5,2,2,3,2,1,3,2,3,5,2,4,3,4
145.0,293,0,0,0,0,0,0,0,0,0,0,0,0,0,0,0,0,0,0,0,0,0,0,0,0,0,0,0,0,0,0,0,0,0,0,0,0,0,0,0,0,0,0,0,0,0,0,0,0,0,0,0,0,0,0,0,0,0,0,0,0,0,0,0,0,0,0,0,0,0,2,9,3,6,7,9,8,7,7,11,5,10,12,7,6,3,8,6,2,4,6,7,3,3,3,1,7,2,2,3,6,6,2,2,1,1,1,2,2,4,3,2,0,1,3,1,1,1,2,0,2,1,1,4,0,1,0,1,2,0,1,3,3,3,1,2,1,3,1,3,4,1,3,1,1,5,4,5,5,3,3,2,4,7,5,3,6,3,7,5,3,4,2,5,4,1,6,3,3,2,2,3,2,2,2,7,4,4,2,1,7,1,2,2,2,1,2,2,1,1,3,0,4,0,5,5,3,2,6,3
146.0,276,0,0,0,0,0,0,0,0,0,0,0,0,0,0,0,0,0,0,0,0,0,0,0,0,0,0,0,0,0,0,0,0,0,0,0,0,0,0,0,0,0,0,0,0,0,0,0,0,0,0,0,0,0,0,0,0,0,0,0,0,0,0,0,0,0,0,0,0,0,0,2,5,8,9,10,10,9,8,8,9,5,8,8,13,8,6,4,3,3,4,6,3,6,6,3,1,6,4,3,3,4,1,2,2,2,2,2,0,2,2,1,2,3,1,6,1,0,1,1,1,1,0,3,0,0,1,2,2,0,0,0,0,1,0,1,0,3,4,2,2,4,1,7,3,4,4,4,3,3,3,5,5,8,3,4,4,2,3,6,4,4,3,2,4,5,4,3,2,2,0,2,0,1,2,2,5,1,2,2,2,3,3,3,2,5,2,3,2,6,4,3,2,7,5,2,2,5,2,1
147.0,251,0,0,0,0,0,0,0,0,0,0,0,0,0,0,0,0,0,0,0,0,0,0,0,0,0,0,0,0,0,0,0,0,0,0,0,0,0,0,0,0,0,0,0,0,0,0,0,0,0,0,0,0,0,0,0,0,0,0,0,0,0,0,0,0,0,0,0,0,2,2,6,7,1,5,8,9,11,12,6,10,14,11,5,6,5,8,4,8,4,0,5,2,4,2,6,2,2,2,2,5,5,2,4,1,0,2,2,5,0,0,0,3,5,1,1,1,2,1,0,0,0,0,1,1,3,2,1,1,0,1,0,0,0,0,2,0,3,2,3,1,1,5,6,5,6,4,4,3,4,3,5,8,6,6,1,3,4,5,5,3,4,5,4,6,8,5,1,2,6,3,1,3,2,2,7,3,2,2,3,2,3,2,1,0,4,1,1,4,1,1,1,7,3,1,3,5,3,3,4
148.0,292,0,0,0,0,0,0,0,0,0,0,0,0,0,0,0,0,0,0,0,0,0,0,0,0,0,0,0,0,0,0,0,0,0,0,0,0,0,0,0,0,0,0,0,0,0,0,0,0,0,0,0,0,0,0,0,0,0,0,0,0,0,0,0,0,0,0,0,0,0,0,3,4,10,8,10,14,5,12,6,14,9,3,9,15,8,4,1,10,5,3,4,5,3,6,5,4,4,1,3,3,2,2,1,3,3,4,5,2,0,5,1,3,2,3,1,1,1,1,2,2,1,1,2,1,2,2,2,1,0,3,2,2,2,4,2,1,3,1,5,4,1,2,1,3,7,5,6,5,5,4,1,8,4,8,6,4,10,8,4,3,5,1,3,2,4,3,1,1,1,4,2,3,3,2,4,1,2,5,3,4,2,0,2,0,1,2,3,1,1,3,1,1,4,1,0,4,3,3,3
149.0,306,0,0,0,0,0,0,0,0,0,0,0,0,0,0,0,0,0,0,0,0,0,0,0,0,0,0,0,0,0,0,0,0,0,0,0,0,0,0,0,0,0,0,0,0,0,0,0,0,0,0,0,0,0,0,0,0,0,0,0,0,0,0,0,0,0,0,0,0,0,0,5,9,9,5,5,10,6,7,10,10,10,4,5,6,11,10,5,6,4,9,3,7,6,7,3,2,1,1,5,1,4,0,3,2,2,2,4,2,3,2,0,1,2,1,0,1,2,2,1,3,4,2,1,1,1,2,0,2,1,0,2,2,1,1,0,3,1,4,3,5,4,2,2,1,1,5,4,6,6,5,4,1,7,7,1,2,2,5,4,5,5,3,2,3,2,5,3,3,2,2,4,2,4,4,1,3,1,2,0,1,3,1,2,2,0,5,3,0,0,3,2,3,1,2,4,2,4,2,2
150.0,299,0,0,0,0,0,0,0,0,0,0,0,0,0,0,0,0,0,0,0,0,0,0,0,0,0,0,0,0,0,0,0,0,0,0,0,0,0,0,0,0,0,0,0,0,0,0,0,0,0,0,0,0,0,0,0,0,0,0,0,0,0,0,0,0,0,0,0,0,0,0,2,4,7,10,9,16,6,6,17,6,16,8,4,2,7,10,8,4,5,2,5,5,3,2,0,3,3,2,4,3,0,2,1,1,2,3,4,0,4,1,1,2,0,2,1,3,1,2,0,1,1,0,1,0,0,3,1,3,0,0,3,1,3,0,0,2,1,3,8,2,7,4,3,6,3,4,2,4,5,6,3,3,2,4,4,5,2,4,10,1,8,7,1,3,4,0,4,3,2,3,2,2,3,2,0,2,3,4,3,3,3,3,1,4,2,1,3,5,3,0,3,2,2,2,2,4,5,2,4
151.0,270,0,0,0,0,0,0,0,0,0,0,0,0,0,0,0,0,0,0,0,0,0,0,0,0,0,0,0,0,0,0,0,0,0,0,0,0,0,0,0,0,0,0,0,0,0,0,0,0,0,0,0,0,0,0,0,0,0,0,0,0,0,0,0,0,0,0,0,0,1,1,0,5,10,8,7,3,7,14,13,10,7,4,9,8,5,5,5,4,8,11,4,9,6,6,2,4,1,4,6,2,3,5,3,1,4,1,1,5,4,0,3,1,4,0,1,0,1,1,1,1,0,1,2,1,1,1,0,1,0,0,2,0,2,1,0,2,4,4,2,3,8,5,2,2,5,3,6,5,2,5,2,3,2,4,4,3,5,4,7,4,4,1,4,2,2,0,1,6,2,2,2,1,5,1,4,3,1,2,3,0,2,5,1,2,3,2,2,0,3,3,1,1,3,1,1,5,1,3,2
152.0,236,0,0,0,0,0,0,0,0,0,0,0,0,0,0,0,0,0,0,0,0,0,0,0,0,0,0,0,0,0,0,0,0,0,0,0,0,0,0,0,0,0,0,0,0,0,0,0,0,0,0,0,0,0,0,0,0,0,0,0,0,0,0,0,0,0,0,0,0,0,3,2,7,3,8,8,13,9,22,11,10,9,6,9,9,7,9,8,5,6,10,5,3,5,9,6,3,4,7,2,6,3,1,1,5,2,1,1,3,1,1,0,1,3,1,2,2,0,1,1,0,2,2,1,1,1,1,2,2,3,1,3,0,2,2,1,0,2,1,4,1,3,1,2,7,5,11,5,8,1,2,5,7,2,8,4,4,5,7,3,2,0,3,7,3,2,5,3,3,5,1,2,6,2,3,3,2,1,3,2,2,3,1,2,2,5,4,6,2,2,4,1,4,3,2,4,1,4,1,2
153.0,269,0,0,0,0,0,0,0,0,0,0,0,0,0,0,0,0,0,0,0,0,0,0,0,0,0,0,0,0,0,0,0,0,0,0,0,0,0,0,0,0,0,0,0,0,0,0,0,0,0,0,0,0,0,0,0,0,0,0,0,0,0,0,0,0,0,0,1,0,1,0,3,3,9,4,9,10,15,9,12,12,14,8,7,5,6,8,6,8,7,9,7,3,4,6,2,3,4,5,10,1,5,5,3,1,1,6,4,1,1,3,1,1,0,3,2,2,1,2,2,0,1,0,1,0,1,2,1,2,0,2,1,0,0,3,4,2,1,4,1,5,1,3,2,1,3,4,5,3,2,10,4,6,3,5,6,4,2,4,5,2,7,7,2,4,3,5,5,8,3,4,2,4,1,3,2,3,2,2,1,3,1,2,3,2,2,3,1,3,4,0,1,2,4,4,5,2,4,3,2
154.0,281,0,0,0,0,0,0,0,0,0,0,0,0,0,0,0,0,0,0,0,0,0,0,0,0,0,0,0,0,0,0,0,0,0,0,0,0,0,0,0,0,0,0,0,0,0,0,0,0,0,0,0,0,0,0,0,0,0,0,0,0,0,0,0,0,0,0,0,0,0,0,5,5,3,4,13,11,12,9,7,13,5,5,3,5,6,9,7,5,8,6,2,3,2,4,2,3,3,1,4,2,2,4,2,4,4,2,3,3,1,2,4,1,2,2,4,2,1,0,0,2,1,2,1,0,0,1,1,1,1,0,1,2,0,0,1,0,7,2,3,3,0,6,5,6,2,7,3,6,9,3,7,7,4,5,6,4,2,2,3,5,1,1,5,5,3,4,3,0,4,2,2,0,3,3,2,3,1,5,2,5,1,4,2,5,2,4,5,3,5,2,2,3,1,5,1,0,6,7,4
155.0,265,0,0,0,0,0,0,0,0,0,0,0,0,0,0,0,0,0,0,0,0,0,0,0,0,0,0,0,0,0,0,0,0,0,0,0,0,0,0,0,0,0,0,0,0,0,0,0,0,0,0,0,0,0,0,0,0,0,0,0,0,0,0,0,0,0,0,0,0,1,1,1,5,6,8,12,18,9,3,6,13,9,8,5,8,5,3,5,7,5,5,7,2,8,5,7,2,5,0,5,1,3,3,5,2,3,3,2,1,4,2,1,3,1,2,1,3,5,2,1,0,2,1,0,4,0,1,2,2,1,0,0,4,1,1,4,3,2,3,4,2,5,6,8,6,0,4,4,4,6,6,3,6,5,10,3,4,3,5,1,7,4,3,3,7,2,4,2,0,2,3,5,3,1,2,5,2,1,0,4,0,2,0,5,3,2,3,4,4,0,3,5,4,2,5,3,3,5,6,0
156.0,262,0,0,0,0,0,0,0,0,0,0,0,0,0,0,0,0,0,0,0,0,0,0,0,0,0,0,0,0,0,0,0,0,0,0,0,0,0,0,0,0,0,0,0,0,0,0,0,0,0,0,0,0,0,0,0,0,0,0,0,0,0,0,0,0,0,0,0,0,1,0,5,4,4,9,15,5,10,7,5,9,8,10,7,9,3,4,6,6,2,1,4,3,5,2,2,1,2,6,3,2,2,2,1,2,1,5,2,0,2,2,3,1,1,1,2,1,0,1,0,2,2,2,3,4,2,0,2,3,0,2,1,2,3,1,3,1,3,2,3,4,7,6,3,6,5,2,3,7,4,9,4,4,5,5,4,10,8,2,2,7,3,5,6,5,8,4,7,4,3,2,4,3,2,2,5,2,4,2,3,2,7,1,2,0,4,3,1,1,2,2,3,1,2,1,2,1,3,2,3
157.0,254,0,0,0,0,0,0,0,0,0,0,0,0,0,0,0,0,0,0,0,0,0,0,0,0,0,0,0,0,0,0,0,0,0,0,0,0,0,0,0,0,0,0,0,0,0,0,0,0,0,0,0,0,0,0,0,0,0,0,0,0,0,0,0,0,0,0,0,0,2,3,5,5,6,8,6,13,11,6,13,13,12,4,6,4,5,8,6,11,4,3,4,3,4,7,5,5,1,5,4,4,2,2,2,2,3,2,1,3,0,4,2,0,1,3,1,1,1,4,1,1,2,0,0,0,2,1,1,2,1,2,1,3,2,1,1,1,5,5,5,5,3,5,2,5,5,5,6,9,6,5,6,4,5,5,6,4,5,5,5,2,7,6,3,3,4,4,5,1,2,4,3,2,3,2,1,5,5,0,3,2,2,3,2,3,1,2,2,0,5,0,2,2,5,2,1,2,1,4,2
158.0,242,0,0,0,0,0,0,0,0,0,0,0,0,0,0,0,0,0,0,0,0,0,0,0,0,0,0,0,0,0,0,0,0,0,0,0,0,0,0,0,0,0,0,0,0,0,0,0,0,0,0,0,0,0,0,0,0,0,0,0,0,0,0,0,0,0,0,0,2,5,4,6,7,14,13,9,13,7,14,8,12,8,6,3,6,6,8,6,1,6,2,11,3,3,3,2,5,3,3,1,5,6,1,1,3,6,2,6,1,3,5,2,2,1,0,0,2,3,3,1,1,0,0,1,2,0,1,3,3,1,2,0,2,0,2,2,4,3,5,2,1,10,8,2,6,6,9,4,2,6,5,7,3,3,3,3,6,6,4,5,5,9,4,2,3,3,3,4,3,3,3,2,3,5,2,2,3,4,0,4,1,2,3,1,3,1,0,2,4,1,2,3,4,2,6,6,3,1,4,2
159.0,237,0,0,0,0,0,0,0,0,0,0,0,0,0,0,0,0,0,0,0,0,0,0,0,0,0,0,0,0,0,0,0,0,0,0,0,0,0,0,0,0,0,0,0,0,0,0,0,0,0,0,0,0,0,0,0,0,0,0,0,0,0,0,0,0,0,0,0,0,1,3,9,11,6,7,13,9,10,10,4,10,9,3,8,9,7,3,4,1,4,1,6,6,0,3,0,7,4,5,4,5,3,3,5,2,1,4,0,3,1,2,2,2,1,1,1,1,1,0,1,3,3,1,1,1,1,0,3,1,0,1,5,0,2,1,2,4,7,5,4,3,5,0,1,6,4,8,5,7,4,1,4,10,6,0,5,5,2,3,5,3,2,10,3,1,2,6,5,4,3,5,3,1,6,0,2,4,8,3,1,2,4,2,4,1,6,6,2,1,3,1,6,3,5,4,1,3,5,3,1
160.0,245,0,0,0,0,0,0,0,0,0,0,0,0,0,0,0,0,0,0,0,0,0,0,0,0,0,0,0,0,0,0,0,0,0,0,0,0,0,0,0,0,0,0,0,0,0,0,0,0,0,0,0,0,0,0,0,0,0,0,0,0,0,0,0,0,0,0,0,0,0,2,5,12,7,6,11,4,7,7,6,6,5,4,6,10,7,7,5,5,6,5,5,5,7,11,4,2,2,2,1,3,6,1,5,0,2,3,0,1,1,1,3,4,1,1,0,0,2,2,0,2,0,4,0,1,2,0,5,1,0,1,1,1,0,2,2,3,6,4,4,5,2,5,6,5,7,3,6,5,7,6,2,5,5,4,3,4,4,5,5,4,1,5,5,4,3,3,5,3,3,3,1,2,3,2,1,3,3,2,2,1,2,2,3,5,2,2,3,2,0,3,0,0,2,3,7,5,6,1,4
161.0,255,0,0,0,0,0,0,0,0,0,0,0,0,0,0,0,0,0,0,0,0,0,0,0,0,0,0,0,0,0,0,0,0,0,0,0,0,0,0,0,0,0,0,0,0,0,0,0,0,0,0,0,0,0,0,0,0,0,0,0,0,0,0,0,0,0,0,0,0,2,1,3,3,7,7,10,8,11,6,7,10,12,3,2,2,7,10,9,9,6,7,5,5,3,10,3,3,4,8,4,2,2,2,4,2,0,1,2,1,3,1,3,0,1,0,4,1,1,0,2,2,0,0,0,0,0,1,2,1,0,1,1,1,1,3,2,1,1,2,1,1,9,3,6,2,2,7,5,9,5,5,5,4,5,5,1,3,2,4,8,7,1,3,7,10,2,4,2,5,3,4,1,3,3,5,5,3,3,1,1,4,4,4,10,2,2,0,0,6,1,5,0,1,2,2,3,1,4,1,1
162.0,247,0,0,0,0,0,0,0,0,0,0,0,0,0,0,0,0,0,0,0,0,0,0,0,0,0,0,0,0,0,0,0,0,0,0,0,0,0,0,0,0,0,0,0,0,0,0,0,0,0,0,0,0,0,0,0,0,0,0,0,0,0,0,0,0,0,0,0,0,0,0,3,3,7,3,12,15,12,8,15,9,4,5,10,4,3,6,4,6,5,6,3,6,1,2,6,3,3,1,4,6,6,4,3,0,3,4,1,1,1,1,3,6,0,1,3,0,2,2,2,0,2,2,1,2,1,2,0,1,3,0,1,0,0,2,3,3,4,1,4,8,4,2,8,3,6,7,6,4,4,4,8,3,4,5,3,7,3,2,3,6,3,4,2,5,1,2,3,6,7,2,3,2,6,4,5,4,1,4,2,3,3,1,3,3,1,4,1,2,2,2,0,5,3,1,1,2,2,3,3
163.0,246,0,0,0,0,0,0,0,0,0,0,0,0,0,0,0,0,0,0,0,0,0,0,0,0,0,0,0,0,0,0,0,0,0,0,0,0,0,0,0,0,0,0,0,0,0,0,0,0,0,0,0,0,0,0,0,0,0,0,0,0,0,0,0,0,0,0,0,0,0,3,6,4,6,3,10,7,10,9,12,8,4,8,7,7,7,6,2,2,6,4,6,0,5,2,3,4,3,7,2,1,3,0,9,2,5,1,3,0,2,3,0,4,0,3,5,1,2,1,0,2,0,3,2,0,0,1,0,0,1,4,0,0,0,0,3,4,0,1,2,4,7,6,7,5,6,2,9,4,8,6,2,6,5,4,3,4,3,8,3,2,4,4,3,5,3,6,4,6,2,3,4,3,2,2,3,3,1,2,2,3,4,0,3,0,1,2,5,0,3,2,6,0,3,1,1,1,4,2,1
164.0,248,0,0,0,0,0,0,0,0,0,0,0,0,0,0,0,0,0,0,0,0,0,0,0,0,0,0,0,0,0,0,0,0,0,0,0,0,0,0,0,0,0,0,0,0,0,0,0,0,0,0,0,0,0,0,0,0,0,0,0,0,0,0,0,0,0,0,0,0,1,1,2,1,5,5,8,6,9,12,10,5,10,7,12,2,11,7,7,4,3,7,2,0,3,1,2,5,2,1,4,5,2,1,3,1,3,2,1,0,4,2,1,1,2,2,1,0,1,0,3,1,0,1,1,3,4,2,1,2,1,1,1,4,3,0,3,2,4,4,6,2,2,10,9,7,5,5,5,5,4,1,6,9,9,5,8,6,2,6,5,1,3,2,4,1,3,2,5,7,3,2,5,1,5,3,3,4,2,5,2,5,5,1,2,3,2,0,1,0,0,1,3,2,1,5,8,5,4,2,4
165.0,257,0,0,0,0,0,0,0,0,0,0,0,0,0,0,0,0,0,0,0,0,0,0,0,0,0,0,0,0,0,0,0,0,0,0,0,0,0,0,0,0,0,0,0,0,0,0,0,0,0,0,0,0,0,0,0,0,0,0,0,0,0,0,0,0,0,0,0,0,0,5,4,3,4,6,3,4,13,7,9,6,6,9,6,6,8,3,4,4,3,4,5,3,4,3,2,0,5,4,1,4,4,2,3,4,2,1,3,2,1,3,1,1,0,2,5,2,1,3,1,0,3,0,1,0,1,1,2,0,3,2,0,1,2,1,4,3,5,4,7,8,4,2,7,6,6,7,5,9,5,4,4,8,6,4,2,8,2,5,8,4,3,4,3,5,5,2,3,2,2,2,3,6,1,3,0,3,2,3,1,3,4,1,3,2,0,2,3,2,3,4,2,1,1,6,4,3,6,6,1
166.0,245,0,0,0,0,0,0,0,0,0,0,0,0,0,0,0,0,0,0,0,0,0,0,0,0,0,0,0,0,0,0,0,0,0,0,0,0,0,0,0,0,0,0,0,0,0,0,0,0,0,0,0,0,0,0,0,0,0,0,0,0,0,0,0,0,0,0,0,0,1,3,0,10,10,8,10,15,4,8,7,6,8,3,13,12,8,6,2,7,5,5,4,1,7,8,4,5,2,8,1,4,3,2,2,1,0,2,0,2,0,1,0,1,6,1,2,1,1,2,1,3,3,4,1,0,2,1,1,0,1,0,0,0,1,1,1,1,3,6,3,2,10,3,1,3,4,6,6,5,7,4,5,5,6,6,4,5,5,3,4,5,5,10,6,3,5,7,3,4,2,6,2,4,7,3,5,6,0,2,1,3,5,4,3,3,2,4,3,5,6,3,7,4,3,3,2,2,5,6,2
167.0,247,0,0,0,0,0,0,0,0,0,0,0,0,0,0,0,0,0,0,0,0,0,0,0,0,0,0,0,0,0,0,0,0,0,0,0,0,0,0,0,0,0,0,0,0,0,0,0,0,0,0,0,0,0,0,0,0,0,0,0,0,0,0,0,0,0,0,0,1,0,1,2,2,10,7,10,11,10,7,12,10,8,9,7,5,8,7,7,9,7,10,3,2,5,2,7,3,1,5,3,4,3,4,3,5,0,1,1,0,1,1,1,3,1,3,1,2,0,2,0,0,0,0,1,1,0,1,1,0,2,1,1,2,2,2,1,4,0,2,6,9,3,2,2,6,4,1,4,2,2,4,5,4,4,6,7,5,2,6,9,3,6,8,4,9,4,4,7,1,2,1,2,6,2,5,2,0,4,1,2,2,2,6,3,0,0,5,4,3,0,2,3,4,1,5,0,2,4,1,4
168.0,251,0,0,0,0,0,0,0,0,0,0,0,0,0,0,0,0,0,0,0,0,0,0,0,0,0,0,0,0,0,0,0,0,0,0,0,0,0,0,0,0,0,0,0,0,0,0,0,0,0,0,0,0,0,0,0,0,0,0,0,0,0,0,0,0,0,0,0,0,0,0,2,5,5,5,10,13,9,2,10,8,13,8,9,3,6,4,3,2,4,1,6,6,5,1,3,2,5,3,2,3,4,2,4,4,0,3,0,2,2,0,2,1,0,1,2,1,2,0,1,1,3,3,1,1,2,1,4,3,0,2,0,2,4,4,3,1,2,3,1,6,5,8,4,6,7,7,6,2,7,8,4,5,4,7,6,2,6,4,6,2,8,6,5,3,6,4,8,2,3,3,1,3,6,2,1,4,2,2,4,3,4,1,2,1,2,4,2,3,4,2,4,1,3,3,6,3,3,5,3
169.0,287,0,0,0,0,0,0,0,0,0,0,0,0,0,0,0,0,0,0,0,0,0,0,0,0,0,0,0,0,0,0,0,0,0,0,0,0,0,0,0,0,0,0,0,0,0,0,0,0,0,0,0,0,0,0,0,0,0,0,0,0,0,0,0,0,0,0,0,0,0,1,1,7,5,8,6,13,8,5,7,7,11,5,4,6,5,9,4,3,6,2,2,2,4,2,3,1,0,2,1,4,4,1,3,1,2,2,4,1,2,0,3,6,2,1,1,2,0,2,3,1,1,0,1,2,1,2,2,0,0,0,5,0,0,3,1,5,1,4,2,7,3,5,4,7,4,4,2,3,6,7,6,4,9,6,3,4,4,3,5,5,3,4,0,5,3,4,3,5,1,4,1,4,1,5,6,3,0,5,7,3,2,5,1,2,3,2,1,2,4,0,4,6,4,5,4,3,3,2,6
170.0,258,0,0,0,0,0,0,0,0,0,0,0,0,0,0,0,0,0,0,0,0,0,0,0,0,0,0,0,0,0,0,0,0,0,0,0,0,0,0,0,0,0,0,0,0,0,0,0,0,0,0,0,0,0,0,0,0,0,0,0,0,0,0,0,0,0,0,0,0,2,2,1,4,7,8,6,4,3,8,10,11,4,3,5,8,11,9,3,0,2,5,3,2,4,0,4,1,3,4,4,1,1,1,3,8,3,2,4,1,7,3,2,2,0,1,2,1,0,1,0,2,1,3,2,0,0,2,1,1,2,3,1,2,2,0,2,2,2,2,5,4,4,7,6,5,2,8,6,9,9,4,5,3,4,7,9,4,3,7,5,7,3,4,0,3,7,4,2,0,2,5,6,1,1,2,3,2,1,1,2,3,3,1,5,5,2,2,5,1,6,2,2,2,6,4,8,3,2,5,4
171.0,254,0,0,0,0,0,0,0,0,0,0,0,0,0,0,0,0,0,0,0,0,0,0,0,0,0,0,0,0,0,0,0,0,0,0,0,0,0,0,0,0,0,0,0,0,0,0,0,0,0,0,0,0,0,0,0,0,0,0,0,0,0,0,0,0,0,1,1,0,0,6,2,8,9,12,6,15,7,10,6,8,5,8,8,8,2,6,11,7,5,8,2,5,1,4,4,2,6,2,1,4,5,2,3,1,3,2,3,2,0,4,2,0,2,3,1,2,2,3,2,1,1,2,4,0,2,1,0,0,0,2,0,2,1,1,2,3,2,3,7,4,9,6,4,5,4,10,5,3,4,4,6,3,4,6,5,3,4,3,5,3,4,6,3,6,2,4,2,2,6,1,2,3,5,3,3,6,4,6,5,1,3,6,3,2,1,0,2,2,1,4,2,2,4,5,3,5,5,2,3
172.0,233,0,0,0,0,0,0,0,0,0,0,0,0,0,0,0,0,0,0,0,0,0,0,0,0,0,0,0,0,0,0,0,0,0,0,0,0,0,0,0,0,0,0,0,0,0,0,0,0,0,0,0,0,0,0,0,0,0,0,0,0,0,0,0,0,0,0,0,1,0,1,1,7,6,10,3,9,7,8,7,9,7,9,6,7,3,2,3,3,6,4,2,3,3,3,3,5,3,4,2,2,4,1,5,5,7,3,0,1,0,2,2,1,1,0,1,0,0,2,3,2,1,1,1,1,1,0,1,1,1,1,0,1,1,2,3,4,4,3,5,2,7,9,8,4,4,4,6,7,4,9,5,5,1,8,4,2,7,4,2,4,4,3,4,3,0,4,2,3,3,4,6,2,6,1,7,3,4,4,4,4,3,2,3,2,4,2,2,2,2,5,4,6,2,2,2,7,5,3,4
173.0,261,0,0,0,0,0,0,0,0,0,0,0,0,0,0,0,0,0,0,0,0,0,0,0,0,0,0,0,0,0,0,0,0,0,0,0,0,0,0,0,0,0,0,0,0,0,0,0,0,0,0,0,0,0,0,0,0,0,0,0,0,0,0,0,0,0,0,0,0,1,1,4,4,6,7,9,9,14,2,7,10,4,7,7,5,5,8,5,9,2,6,1,3,4,2,3,4,1,2,5,4,2,1,1,2,1,2,1,1,3,4,2,1,2,2,2,0,0,0,0,4,1,3,1,2,0,2,4,1,4,2,2,1,2,2,1,3,4,3,2,8,4,2,4,6,8,5,5,4,8,5,1,3,6,9,5,5,3,4,6,3,4,4,11,3,4,5,2,2,3,5,3,0,0,3,4,5,2,4,3,2,3,4,3,1,3,2,2,4,2,2,4,2,5,6,6,4,7,5,6
174.0,249,0,0,0,0,0,0,0,0,0,0,0,0,0,0,0,0,0,0,0,0,0,0,0,0,0,0,0,0,0,0,0,0,0,0,0,0,0,0,0,0,0,0,0,0,0,0,0,0,0,0,0,0,0,0,0,0,0,0,0,0,0,0,0,0,0,0,0,1,0,1,6,5,7,13,9,7,7,10,8,7,6,7,4,6,5,6,4,1,5,2,7,7,4,5,2,3,1,4,3,1,1,2,1,0,3,5,5,1,5,2,1,2,2,1,0,1,0,2,1,1,2,1,2,1,3,2,2,3,1,0,0,4,2,3,0,1,3,2,7,3,5,5,4,7,4,3,3,7,5,6,6,0,7,6,5,5,4,5,5,3,5,4,6,3,1,2,4,4,3,3,2,6,4,5,4,3,3,5,0,1,4,5,0,4,6,1,4,6,2,4,5,6,6,1,3,2,3,7,7
175.0,253,0,0,0,0,0,0,0,0,0,0,0,0,0,0,0,0,0,0,0,0,0,0,0,0,0,0,0,0,0,0,0,0,0,0,0,0,0,0,0,0,0,0,0,0,0,0,0,0,0,0,0,0,0,0,0,0,0,0,0,0,0,0,0,0,0,0,0,1,1,4,4,4,6,5,9,5,8,2,3,7,6,7,8,6,6,9,5,7,3,4,6,3,4,1,3,2,3,1,3,1,2,4,0,3,3,4,1,1,0,3,1,1,4,1,5,0,0,0,2,0,1,1,2,0,3,2,1,0,0,1,1,1,1,2,2,2,6,1,4,6,4,5,7,6,5,6,7,9,7,5,5,5,3,4,4,3,3,11,1,8,4,2,5,4,5,1,4,1,6,1,3,9,6,2,3,2,2,3,3,4,2,2,6,2,4,2,1,2,3,4,4,5,2,7,4,6,7,8,2
176.0,258,0,0,0,0,0,0,0,0,0,0,0,0,0,0,0,0,0,0,0,0,0,0,0,0,0,0,0,0,0,0,0,0,0,0,0,0,0,0,0,0,0,0,0,0,0,0,0,0,0,0,0,0,0,0,0,0,0,0,0,0,0,0,0,0,0,0,0,0,1,0,1,2,7,7,5,12,6,6,7,4,6,9,6,11,4,3,6,0,2,5,5,7,2,3,5,3,6,3,3,3,1,4,5,2,2,3,3,1,2,3,1,0,1,1,1,1,1,2,3,0,0,1,1,0,1,0,1,0,0,4,3,1,3,0,0,1,2,3,2,5,2,2,1,2,5,9,5,4,5,2,4,4,8,6,6,4,5,7,6,2,4,5,7,3,4,3,3,2,1,4,2,4,1,5,1,3,2,4,4,1,2,3,1,5,2,5,0,1,0,1,4,5,4,5,3,6,9,5,4
177.0,260,0,0,0,0,0,0,0,0,0,0,0,0,0,0,0,0,0,0,0,0,0,0,0,0,0,0,0,0,0,0,0,0,0,0,0,0,0,0,0,0,0,0,0,0,0,0,0,0,0,0,0,0,0,0,0,0,0,0,0,0,0,0,0,0,0,0,0,0,1,0,2,3,3,3,8,8,7,8,2,8,7,3,7,8,6,8,8,2,4,10,0,1,3,2,4,3,4,3,3,6,0,1,1,0,1,0,5,1,1,1,2,2,2,2,2,1,2,1,2,0,1,2,1,0,1,0,0,1,0,1,2,1,1,1,2,1,3,0,7,5,2,4,4,5,5,11,3,6,6,3,7,4,5,2,13,1,2,5,5,4,4,6,6,3,4,4,8,8,3,5,2,3,3,2,3,7,1,3,1,2,2,6,4,2,3,3,1,3,3,4,2,3,9,6,2,4,1,3,5
178.0,280,0,0,0,0,0,0,0,0,0,0,0,0,0,0,0,0,0,0,0,0,0,0,0,0,0,0,0,0,0,0,0,0,0,0,0,0,0,0,0,0,0,0,0,0,0,0,0,0,0,0,0,0,0,0,0,0,0,0,0,0,0,0,0,0,0,0,0,0,0,0,0,4,7,4,6,9,6,4,5,5,11,7,4,8,7,6,7,5,5,5,4,5,6,2,2,0,5,2,2,1,3,4,2,3,6,0,0,1,4,4,0,1,1,3,1,1,2,3,3,0,0,2,2,0,3,2,0,1,1,0,0,2,2,3,2,2,3,5,2,1,7,5,5,2,6,7,3,5,6,10,5,9,6,4,4,7,3,3,4,5,6,3,5,3,4,1,5,3,5,4,3,4,4,3,4,4,3,5,5,4,4,4,4,3,5,3,2,2,2,5,1,3,2,4,2,3,4,5,8
179.0,250,0,0,0,0,0,0,0,0,0,0,0,0,0,0,0,0,0,0,0,0,0,0,0,0,0,0,0,0,0,0,0,0,0,0,0,0,0,0,0,0,0,0,0,0,0,0,0,0,0,0,0,0,0,0,0,0,0,0,0,0,0,0,0,0,0,0,0,1,0,0,2,3,8,7,10,7,10,13,8,7,5,8,9,5,8,6,4,3,7,4,0,3,4,6,5,5,3,2,4,6,5,4,4,1,3,6,2,3,1,4,2,0,2,1,0,1,2,2,0,3,2,2,2,2,0,0,2,0,4,2,2,0,0,4,2,2,3,1,4,2,5,5,5,3,4,2,8,7,4,4,4,6,2,6,4,4,4,1,4,5,5,7,4,2,2,3,2,7,3,4,2,6,4,1,8,5,2,4,3,3,2,4,2,2,4,2,2,3,4,2,4,5,1,4,5,4,0,9,5
180.0,269,0,0,0,0,0,0,0,0,0,0,0,0,0,0,0,0,0,0,0,0,0,0,0,0,0,0,0,0,0,0,0,0,0,0,0,0,0,0,0,0,0,0,0,0,0,0,0,0,0,0,0,0,0,0,0,0,0,0,0,0,0,0,0,0,0,0,0,1,1,0,4,5,7,13,8,7,5,5,6,4,8,5,8,1,5,4,8,3,2,1,4,2,2,4,1,2,0,2,2,1,4,1,3,0,1,1,6,4,1,2,2,4,2,0,1,0,1,0,3,0,3,0,1,4,5,1,0,1,0,0,3,0,1,1,1,3,4,2,6,5,1,4,8,7,6,3,3,3,5,4,4,5,5,4,3,4,6,5,6,5,6,4,6,3,3,5,2,3,2,3,2,5,5,5,2,2,6,2,6,1,4,2,3,4,7,3,2,1,6,5,3,4,4,6,2,2,4,1,4
181.0,278,0,0,0,0,0,0,0,0,0,0,0,0,0,0,0,0,0,0,0,0,0,0,0,0,0,0,0,0,0,0,0,0,0,0,0,0,0,0,0,0,0,0,0,0,0,0,0,0,0,0,0,0,0,0,0,0,0,0,0,0,0,0,0,0,0,0,0,0,0,0,4,5,4,15,9,11,15,10,6,10,5,11,6,5,3,7,6,4,6,3,7,6,7,2,6,4,5,2,1,2,7,4,6,1,4,2,2,1,1,1,0,1,3,2,0,3,1,0,1,0,0,0,1,5,0,1,0,0,0,0,3,1,1,1,0,3,4,2,4,7,4,2,3,3,8,7,4,4,3,4,2,5,3,9,6,4,6,3,5,4,5,3,5,4,1,9,3,1,0,2,1,1,2,8,3,3,3,3,3,5,2,2,0,0,5,3,4,1,2,3,4,3,4,2,7,5,5,3,2
182.0,267,0,0,0,0,0,0,0,0,0,0,0,0,0,0,0,0,0,0,0,0,0,0,0,0,0,0,0,0,0,0,0,0,0,0,0,0,0,0,0,0,0,0,0,0,0,0,0,0,0,0,0,0,0,0,0,0,0,0,0,0,0,0,0,0,0,0,0,0,2,0,3,4,10,7,10,5,6,12,3,6,9,7,5,3,4,6,3,6,2,5,1,4,2,3,1,4,3,4,0,0,2,0,6,1,5,3,1,1,1,3,4,1,4,4,2,1,1,2,5,0,1,1,0,2,0,0,1,0,1,1,2,1,5,1,3,6,2,4,2,5,4,6,1,6,5,3,6,3,4,2,3,5,3,5,4,1,3,4,1,4,5,4,5,2,9,4,0,2,3,1,2,3,3,4,0,7,2,1,2,2,3,4,0,1,0,6,1,3,2,5,3,3,1,5,3,4,7,2,4
183.0,276,0,0,0,0,0,0,0,0,0,0,0,0,0,0,0,0,0,0,0,0,0,0,0,0,0,0,0,0,0,0,0,0,0,0,0,0,0,0,0,0,0,0,0,0,0,0,0,0,0,0,0,0,0,0,0,0,0,0,0,0,0,0,0,0,0,0,0,0,0,1,3,2,6,4,6,8,10,10,11,6,5,4,7,5,5,5,2,5,1,2,3,4,6,4,2,2,6,0,1,2,4,2,0,4,1,3,1,3,0,1,3,3,3,1,2,2,2,2,3,0,2,0,3,2,1,1,3,1,0,0,2,1,1,3,1,3,1,4,5,5,3,4,2,4,11,4,0,7,6,2,3,3,3,2,3,5,1,1,4,4,5,3,1,4,7,3,2,4,0,3,5,5,4,3,3,3,4,2,4,2,3,4,2,1,6,2,1,2,2,3,3,3,7,2,2,4,6,3,4
184.0,292,0,0,0,0,0,0,0,0,0,0,0,0,0,0,0,0,0,0,0,0,0,0,0,0,0,0,0,0,0,0,0,0,0,0,0,0,0,0,0,0,0,0,0,0,0,0,0,0,0,0,0,0,0,0,0,0,0,0,0,0,0,0,0,0,0,0,0,0,2,0,2,2,5,6,5,7,5,7,4,10,12,7,3,7,5,7,8,3,6,8,3,0,4,5,3,6,3,5,2,3,1,2,3,0,4,2,2,1,4,2,1,1,0,0,2,2,2,2,2,3,2,2,0,2,2,0,2,0,2,0,0,1,0,2,0,2,3,4,3,1,2,2,2,4,4,3,5,6,7,7,7,6,4,6,7,5,2,6,6,3,7,2,6,5,3,9,5,2,2,5,5,3,3,4,4,6,1,3,1,3,2,3,4,1,3,3,4,3,3,4,5,4,10,5,5,6,4,5,1
185.0,292,0,0,0,0,0,0,0,0,0,0,0,0,0,0,0,0,0,0,0,0,0,0,0,0,0,0,0,0,0,0,0,0,0,0,0,0,0,0,0,0,0,0,0,0,0,0,0,0,0,0,0,0,0,0,0,0,0,0,0,0,0,0,0,0,0,0,0,0,0,0,3,2,2,5,5,8,6,10,7,8,10,10,4,4,2,5,6,8,10,2,8,3,7,1,2,1,6,1,2,2,0,0,0,2,3,1,4,2,3,2,1,2,3,4,3,0,3,0,1,3,2,0,1,0,1,1,1,1,0,3,0,2,2,3,1,0,0,4,4,1,3,4,3,5,9,2,3,6,4,4,4,6,7,5,4,3,4,1,3,3,4,6,5,5,3,4,5,4,1,4,0,2,5,1,8,2,7,1,4,2,5,2,5,1,0,4,2,3,3,3,3,5,3,1,8,7,2,3,3
186.0,294,0,0,0,0,0,0,0,0,0,0,0,0,0,0,0,0,0,0,0,0,0,0,0,0,0,0,0,0,0,0,0,0,0,0,0,0,0,0,0,0,0,0,0,0,0,0,0,0,0,0,0,0,0,0,0,0,0,0,0,0,0,0,0,0,0,0,0,0,0,2,1,2,5,1,12,8,5,9,8,8,10,4,9,7,3,6,4,2,6,5,3,2,6,4,7,3,2,4,1,3,2,3,0,2,0,6,4,1,2,0,0,2,3,3,3,0,1,2,1,2,1,3,2,1,0,0,1,0,0,1,2,0,2,1,2,3,3,1,3,0,3,1,8,3,3,6,6,4,1,7,2,4,4,4,5,3,4,4,7,2,6,3,3,6,2,3,5,2,2,4,1,0,6,1,6,8,4,1,2,5,6,2,3,1,1,1,1,1,1,3,3,2,3,5,2,4,4,7,4
187.0,283,0,0,0,0,0,0,0,0,0,0,0,0,0,0,0,0,0,0,0,0,0,0,0,0,0,0,0,0,0,0,0,0,0,0,0,0,0,0,0,0,0,0,0,0,0,0,0,0,0,0,0,0,0,0,0,0,0,0,0,0,0,0,0,0,0,0,0,0,0,0,0,1,8,6,5,6,3,10,11,7,9,9,13,10,7,3,3,3,5,8,2,4,5,2,2,5,5,1,4,4,2,1,5,3,0,0,5,2,3,1,0,1,1,1,1,3,2,2,1,2,1,2,1,0,1,1,0,1,2,0,0,3,3,2,2,0,0,2,0,5,1,4,2,4,3,1,5,2,5,3,1,2,5,4,2,4,4,5,7,6,5,4,6,3,2,2,5,4,3,4,1,1,1,3,3,1,5,3,6,1,0,2,1,7,0,3,5,5,8,3,4,2,3,3,3,5,3,2,8
188.0,301,0,0,0,0,0,0,0,0,0,0,0,0,0,0,0,0,0,0,0,0,0,0,0,0,0,0,0,0,0,0,0,0,0,0,0,0,0,0,0,0,0,0,0,0,0,0,0,0,0,0,0,0,0,0,0,0,0,0,0,0,0,0,0,0,0,0,0,0,0,0,1,0,1,7,6,4,4,12,11,7,7,8,10,4,6,9,10,4,7,3,9,4,3,4,3,2,1,5,2,4,7,3,1,3,3,2,5,1,0,0,2,1,3,2,6,1,4,3,0,1,3,2,1,1,2,2,1,1,3,1,1,1,1,1,1,0,1,5,2,2,1,3,3,4,3,6,6,1,7,2,1,4,5,4,4,0,5,4,5,9,2,2,2,3,3,4,1,8,4,3,3,2,2,0,7,2,0,2,2,3,4,3,0,1,3,1,1,5,5,3,5,6,1,0,1,2,6,6,4
189.0,316,0,0,0,0,0,0,0,0,0,0,0,0,0,0,0,0,0,0,0,0,0,0,0,0,0,0,0,0,0,0,0,0,0,0,0,0,0,0,0,0,0,0,0,0,0,0,0,0,0,0,0,0,0,0,0,0,0,0,0,0,0,0,0,0,0,0,0,0,0,0,0,2,2,4,2,3,8,12,12,8,4,4,12,6,9,6,4,3,5,2,6,3,6,3,1,3,0,2,1,0,1,3,2,4,3,0,2,1,3,1,0,2,0,1,4,2,0,0,2,0,1,1,2,0,2,0,0,1,2,3,0,1,0,2,1,0,1,5,5,3,3,3,3,2,7,5,1,4,4,6,3,6,5,1,1,5,6,7,4,2,7,6,1,5,2,5,1,3,3,4,1,5,3,2,4,2,5,4,2,2,4,1,3,0,2,2,2,4,2,0,2,2,2,1,2,1,2,1,2
190.0,281,0,0,0,0,0,0,0,0,0,0,0,0,0,0,0,0,0,0,0,0,0,0,0,0,0,0,0,0,0,0,0,0,0,0,0,0,0,0,0,0,0,0,0,0,0,0,0,0,0,0,0,0,0,0,0,0,0,0,0,0,0,0,0,0,0,0,0,1,0,0,1,3,4,6,5,6,9,11,6,16,5,9,7,6,10,5,4,5,1,7,4,6,1,2,3,3,5,1,1,4,2,3,4,5,6,2,1,0,1,1,3,0,0,0,2,2,2,1,3,2,1,2,0,1,0,0,2,1,1,0,1,1,1,1,1,0,4,0,1,1,8,2,2,3,3,3,4,6,5,8,7,2,7,4,8,5,4,5,7,3,4,7,2,4,6,2,2,2,5,4,6,3,6,5,5,3,3,2,2,1,1,1,0,2,2,1,2,5,5,2,6,2,3,5,6,4,2,5,2
191.0,286,0,0,0,0,0,0,0,0,0,0,0,0,0,0,0,0,0,0,0,0,0,0,0,0,0,0,0,0,0,0,0,0,0,0,0,0,0,0,0,0,0,0,0,0,0,0,0,0,0,0,0,0,0,0,0,0,0,0,0,0,0,0,0,0,0,0,0,0,0,1,3,3,4,6,5,7,6,7,5,6,10,9,7,9,6,4,7,6,6,2,2,7,5,4,1,3,3,0,2,8,1,3,3,6,4,2,8,4,4,2,2,4,3,0,2,0,2,1,1,1,0,1,0,0,0,0,0,1,0,1,1,1,2,0,0,0,1,3,4,1,5,4,1,2,5,9,2,3,1,2,3,10,4,7,5,1,3,5,4,6,4,2,6,7,2,2,4,2,3,4,2,2,2,4,1,4,1,3,3,2,5,3,3,4,2,2,3,6,3,1,2,2,7,3,2,4,3,5,4
192.0,275,0,0,0,0,0,0,0,0,0,0,0,0,0,0,0,0,0,0,0,0,0,0,0,0,0,0,0,0,0,0,0,0,0,0,0,0,0,0,0,0,0,0,0,0,0,0,0,0,0,0,0,0,0,0,0,0,0,0,0,0,0,0,0,0,0,0,0,0,0,0,3,3,5,2,6,9,4,7,11,6,6,12,8,10,11,6,3,3,3,6,4,8,2,1,7,5,5,2,1,4,5,2,5,4,3,2,0,0,2,0,1,1,3,1,2,1,3,4,1,1,1,1,2,0,1,0,1,1,0,1,1,1,3,0,1,1,3,2,3,3,1,5,4,7,2,5,4,6,6,3,3,5,6,2,1,3,4,3,5,1,5,3,1,5,3,3,6,8,4,3,5,3,4,4,1,5,2,3,2,4,1,5,4,3,3,4,2,4,2,3,1,4,1,6,3,2,2,2,4
193.0,276,0,0,0,0,0,0,0,0,0,0,0,0,0,0,0,0,0,0,0,0,0,0,0,0,0,0,0,0,0,0,0,0,0,0,0,0,0,0,0,0,0,0,0,0,0,0,0,0,0,0,0,0,0,0,0,0,0,0,0,0,0,0,0,0,0,0,0,0,0,0,2,8,5,4,13,7,6,6,7,9,8,9,9,4,7,4,4,3,5,7,5,4,5,5,4,3,2,2,3,4,0,2,3,2,0,2,0,1,2,1,0,2,2,0,1,3,1,3,1,2,3,1,1,3,4,0,0,2,1,1,0,0,2,1,2,4,2,2,2,7,7,5,1,2,7,4,0,3,5,5,2,6,4,4,2,6,2,2,9,7,3,3,3,2,3,6,5,3,5,0,6,4,1,3,2,1,6,2,6,1,1,4,2,0,4,2,2,3,6,3,2,3,3,4,5,6,5,2,2
194.0,285,0,0,0,0,0,0,0,0,0,0,0,0,0,0,0,0,0,0,0,0,0,0,0,0,0,0,0,0,0,0,0,0,0,0,0,0,0,0,0,0,0,0,0,0,0,0,0,0,0,0,0,0,0,0,0,0,0,0,0,0,0,0,0,0,0,0,0,0,0,0,5,4,7,13,7,7,10,10,12,4,6,5,4,11,9,7,8,9,8,5,1,3,3,4,6,5,2,2,1,1,5,3,4,3,0,1,5,1,3,2,1,3,1,0,1,1,2,1,1,0,2,2,2,0,3,4,0,0,0,1,0,1,2,1,1,1,6,9,0,5,8,6,2,7,4,4,1,7,5,4,1,1,6,4,5,3,7,4,2,11,3,4,3,2,1,2,1,5,3,5,1,3,2,2,2,4,2,0,1,5,2,2,1,3,2,6,3,4,1,1,1,3,2,2,4,5,4,5,8
195.0,292,0,0,0,0,0,0,0,0,0,0,0,0,0,0,0,0,0,0,0,0,0,0,0,0,0,0,0,0,0,0,0,0,0,0,0,0,0,0,0,0,0,0,0,0,0,0,0,0,0,0,0,0,0,0,0,0,0,0,0,0,0,0,0,0,0,0,0,0,0,1,3,5,3,7,6,6,11,5,7,7,4,10,5,4,7,7,5,6,9,3,3,5,4,5,4,3,3,7,2,2,2,4,2,3,1,1,2,4,3,2,1,0,2,0,3,0,2,0,0,1,1,2,1,1,1,1,1,1,2,0,1,1,0,2,4,0,3,3,5,5,4,3,6,4,1,5,3,8,3,3,6,9,3,4,4,6,4,1,4,4,3,2,5,4,6,8,5,4,5,4,1,4,4,4,8,6,1,3,2,2,1,2,2,5,5,4,2,3,0,5,0,3,1,4,5,1,6,3,1
