t,['0.0:7.21e+18'],['7.21e+18:1.44e+19'],['1.44e+19:2.16e+19'],['2.16e+19:2.88e+19'],['2.88e+19:3.6e+19'],['3.6e+19:4.32e+19'],['4.32e+19:5.04e+19'],['5.04e+19:5.77e+19'],['5.77e+19:6.49e+19'],['6.49e+19:7.21e+19'],['7.21e+19:7.93e+19'],['7.93e+19:8.65e+19'],['8.65e+19:9.37e+19'],['9.37e+19:1.01e+20'],['1.01e+20:1.08e+20'],['1.08e+20:1.15e+20'],['1.15e+20:1.23e+20'],['1.23e+20:1.3e+20'],['1.3e+20:1.37e+20'],['1.37e+20:1.44e+20'],['1.44e+20:1.51e+20'],['1.51e+20:1.59e+20'],['1.59e+20:1.66e+20'],['1.66e+20:1.73e+20'],['1.73e+20:1.8e+20'],['1.8e+20:1.87e+20'],['1.87e+20:1.95e+20'],['1.95e+20:2.02e+20'],['2.02e+20:2.09e+20'],['2.09e+20:2.16e+20'],['2.16e+20:2.23e+20'],['2.23e+20:2.31e+20'],['2.31e+20:2.38e+20'],['2.38e+20:2.45e+20'],['2.45e+20:2.52e+20'],['2.52e+20:2.59e+20'],['2.59e+20:2.67e+20'],['2.67e+20:2.74e+20'],['2.74e+20:2.81e+20'],['2.81e+20:2.88e+20'],['2.88e+20:2.95e+20'],['2.95e+20:3.03e+20'],['3.03e+20:3.1e+20'],['3.1e+20:3.17e+20'],['3.17e+20:3.24e+20'],['3.24e+20:3.31e+20'],['3.31e+20:3.39e+20'],['3.39e+20:3.46e+20'],['3.46e+20:3.53e+20'],['3.53e+20:3.6e+20'],['3.6e+20:3.68e+20'],['3.68e+20:3.75e+20'],['3.75e+20:3.82e+20'],['3.82e+20:3.89e+20'],['3.89e+20:3.96e+20'],['3.96e+20:4.04e+20'],['4.04e+20:4.11e+20'],['4.11e+20:4.18e+20'],['4.18e+20:4.25e+20'],['4.25e+20:4.32e+20'],['4.32e+20:4.4e+20'],['4.4e+20:4.47e+20'],['4.47e+20:4.54e+20'],['4.54e+20:4.61e+20'],['4.61e+20:4.68e+20'],['4.68e+20:4.76e+20'],['4.76e+20:4.83e+20'],['4.83e+20:4.9e+20'],['4.9e+20:4.97e+20'],['4.97e+20:5.04e+20'],['5.04e+20:5.12e+20'],['5.12e+20:5.19e+20'],['5.19e+20:5.26e+20'],['5.26e+20:5.33e+20'],['5.33e+20:5.4e+20'],['5.4e+20:5.48e+20'],['5.48e+20:5.55e+20'],['5.55e+20:5.62e+20'],['5.62e+20:5.69e+20'],['5.69e+20:5.77e+20'],['5.77e+20:5.84e+20'],['5.84e+20:5.91e+20'],['5.91e+20:5.98e+20'],['5.98e+20:6.05e+20'],['6.05e+20:6.13e+20'],['6.13e+20:6.2e+20'],['6.2e+20:6.27e+20'],['6.27e+20:6.34e+20'],['6.34e+20:6.41e+20'],['6.41e+20:6.49e+20'],['6.49e+20:6.56e+20'],['6.56e+20:6.63e+20'],['6.63e+20:6.7e+20'],['6.7e+20:6.77e+20'],['6.77e+20:6.85e+20'],['6.85e+20:6.92e+20'],['6.92e+20:6.99e+20'],['6.99e+20:7.06e+20'],['7.06e+20:7.13e+20'],['7.13e+20:7.21e+20'],['7.21e+20:7.28e+20'],['7.28e+20:7.35e+20'],['7.35e+20:7.42e+20'],['7.42e+20:7.49e+20'],['7.49e+20:7.57e+20'],['7.57e+20:7.64e+20'],['7.64e+20:7.71e+20'],['7.71e+20:7.78e+20'],['7.78e+20:7.85e+20'],['7.85e+20:7.93e+20'],['7.93e+20:8e+20'],['8e+20:8.07e+20'],['8.07e+20:8.14e+20'],['8.14e+20:8.22e+20'],['8.22e+20:8.29e+20'],['8.29e+20:8.36e+20'],['8.36e+20:8.43e+20'],['8.43e+20:8.5e+20'],['8.5e+20:8.58e+20'],['8.58e+20:8.65e+20'],['8.65e+20:8.72e+20'],['8.72e+20:8.79e+20'],['8.79e+20:8.86e+20'],['8.86e+20:8.94e+20'],['8.94e+20:9.01e+20'],['9.01e+20:9.08e+20'],['9.08e+20:9.15e+20'],['9.15e+20:9.22e+20'],['9.22e+20:9.3e+20'],['9.3e+20:9.37e+20'],['9.37e+20:9.44e+20'],['9.44e+20:9.51e+20'],['9.51e+20:9.58e+20'],['9.58e+20:9.66e+20'],['9.66e+20:9.73e+20'],['9.73e+20:9.8e+20'],['9.8e+20:9.87e+20'],['9.87e+20:9.94e+20'],['9.94e+20:1e+21'],['1e+21:1.01e+21'],['1.01e+21:1.02e+21'],['1.02e+21:1.02e+21'],['1.02e+21:1.03e+21'],['1.03e+21:1.04e+21'],['1.04e+21:1.04e+21'],['1.04e+21:1.05e+21'],['1.05e+21:1.06e+21'],['1.06e+21:1.07e+21'],['1.07e+21:1.07e+21'],['1.07e+21:1.08e+21'],['1.08e+21:1.09e+21'],['1.09e+21:1.1e+21'],['1.1e+21:1.1e+21'],['1.1e+21:1.11e+21'],['1.11e+21:1.12e+21'],['1.12e+21:1.12e+21'],['1.12e+21:1.13e+21'],['1.13e+21:1.14e+21'],['1.14e+21:1.15e+21'],['1.15e+21:1.15e+21'],['1.15e+21:1.16e+21'],['1.16e+21:1.17e+21'],['1.17e+21:1.17e+21'],['1.17e+21:1.18e+21'],['1.18e+21:1.19e+21'],['1.19e+21:1.2e+21'],['1.2e+21:1.2e+21'],['1.2e+21:1.21e+21'],['1.21e+21:1.22e+21'],['1.22e+21:1.23e+21'],['1.23e+21:1.23e+21'],['1.23e+21:1.24e+21'],['1.24e+21:1.25e+21'],['1.25e+21:1.25e+21'],['1.25e+21:1.26e+21'],['1.26e+21:1.27e+21'],['1.27e+21:1.28e+21'],['1.28e+21:1.28e+21'],['1.28e+21:1.29e+21'],['1.29e+21:1.3e+21'],['1.3e+21:1.3e+21'],['1.3e+21:1.31e+21'],['1.31e+21:1.32e+21'],['1.32e+21:1.33e+21'],['1.33e+21:1.33e+21'],['1.33e+21:1.34e+21'],['1.34e+21:1.35e+21'],['1.35e+21:1.35e+21'],['1.35e+21:1.36e+21'],['1.36e+21:1.37e+21'],['1.37e+21:1.38e+21'],['1.38e+21:1.38e+21'],['1.38e+21:1.39e+21'],['1.39e+21:1.4e+21'],['1.4e+21:1.41e+21'],['1.41e+21:1.41e+21'],['1.41e+21:1.42e+21'],['1.42e+21:1.43e+21'],['1.43e+21:1.43e+21'],['1.43e+21:1.44e+21'],['1.44e+21:1.45e+21']
50.0,319,0,0,0,0,0,0,0,0,0,0,0,0,0,0,0,0,0,0,0,0,0,0,0,0,0,0,0,0,0,0,0,0,0,0,0,0,0,0,0,0,0,0,0,0,0,0,0,0,0,0,0,0,0,1,6,14,15,19,19,13,15,8,4,13,14,8,5,12,6,4,4,11,4,0,5,6,3,4,5,3,5,3,3,2,3,1,2,4,0,2,1,1,1,2,1,0,1,0,1,2,3,2,1,1,0,2,0,1,2,0,4,5,1,3,9,4,8,6,4,7,6,9,3,6,4,5,6,6,4,8,6,4,2,4,1,6,2,1,3,4,0,3,3,1,2,2,2,1,5,2,2,3,1,0,2,1,0,1,5,2,0,2,0,1,2,1,2,1,3,4,3,1,1,3,1,2,1,2,0,1,1,1,0,0,0,0,4,3,1,2,0,1,1,1,0,0,0,0,0,0
51.0,311,0,0,0,0,0,0,0,0,0,0,0,0,0,0,0,0,0,0,0,0,0,0,0,0,0,0,0,0,0,0,0,0,0,0,0,0,0,0,0,0,0,0,0,0,0,0,0,0,0,0,0,0,0,0,5,5,11,18,13,11,9,13,9,4,11,14,7,7,8,5,5,6,5,1,5,1,4,6,5,6,6,2,0,3,2,3,1,2,4,0,4,2,1,1,1,0,3,0,2,2,1,2,2,3,1,0,1,1,1,2,1,0,2,3,8,6,6,8,5,5,4,5,3,8,4,3,13,4,5,8,2,5,6,4,6,6,2,2,5,5,3,7,2,4,0,6,4,4,4,3,2,0,5,1,1,0,4,5,0,3,2,0,2,1,4,1,2,1,4,3,4,0,0,3,2,1,2,1,2,0,6,2,1,3,0,2,3,0,0,0,0,0,0,0,0,0,0,0,0,0
52.0,294,0,0,0,0,0,0,0,0,0,0,0,0,0,0,0,0,0,0,0,0,0,0,0,0,0,0,0,0,0,0,0,0,0,0,0,0,0,0,0,0,0,0,0,0,0,0,0,0,0,0,0,0,0,0,0,7,9,14,17,22,20,14,9,17,6,11,3,8,8,8,5,8,7,2,2,1,8,3,2,6,1,3,2,2,1,1,3,6,6,2,1,4,2,0,2,2,3,2,3,2,1,3,2,0,2,0,1,2,0,1,1,2,4,5,2,3,5,6,6,6,5,8,6,4,1,3,5,4,7,4,3,5,10,4,3,10,3,4,6,4,6,0,3,4,5,1,5,3,2,1,2,3,1,1,0,3,1,1,0,2,4,2,2,3,3,0,2,1,0,2,3,1,1,1,2,1,1,4,5,4,3,3,4,0,0,5,0,0,1,0,0,0,0,0,0,0,0,0,0,0
53.0,296,0,0,0,0,0,0,0,0,0,0,0,0,0,0,0,0,0,0,0,0,0,0,0,0,0,0,0,0,0,0,0,0,0,0,0,0,0,0,0,0,0,0,0,0,0,0,0,0,0,0,0,0,0,0,0,0,5,10,16,16,9,15,11,12,13,12,7,6,4,4,5,2,8,6,4,3,6,5,4,5,5,4,1,2,2,1,3,3,4,4,1,2,6,1,0,5,2,6,4,1,2,1,0,1,0,2,2,2,1,2,2,0,1,3,1,2,8,4,5,8,4,7,4,4,8,7,10,6,4,0,5,4,3,3,4,3,3,6,3,7,4,6,6,5,2,1,3,1,5,2,4,2,3,2,4,2,5,1,0,3,2,1,1,2,3,0,1,2,3,1,2,2,2,2,2,6,3,4,4,2,2,2,1,0,1,2,3,2,1,2,4,0,2,1,0,0,0,0,0,0
54.0,280,0,0,0,0,0,0,0,0,0,0,0,0,0,0,0,0,0,0,0,0,0,0,0,0,0,0,0,0,0,0,0,0,0,0,0,0,0,0,0,0,0,0,0,0,0,0,0,0,0,0,0,0,0,0,0,1,11,8,11,14,20,25,16,7,10,9,4,6,14,12,2,4,4,4,8,5,5,3,2,6,2,4,5,4,3,3,5,1,3,5,2,0,3,1,1,2,1,2,2,3,1,3,1,0,1,1,1,2,0,1,1,1,3,3,2,1,3,7,8,3,10,8,5,11,4,10,4,8,3,5,6,7,5,2,1,4,4,5,2,2,7,2,3,3,2,4,4,2,4,1,2,3,2,3,1,4,2,1,2,2,1,3,1,1,4,1,2,1,0,2,2,1,0,3,4,3,0,3,3,2,7,0,1,3,3,2,1,1,1,1,2,3,2,2,0,0,0,0,0,0
55.0,275,0,0,0,0,0,0,0,0,0,0,0,0,0,0,0,0,0,0,0,0,0,0,0,0,0,0,0,0,0,0,0,0,0,0,0,0,0,0,0,0,0,0,0,0,0,0,0,0,0,0,0,0,0,0,0,6,6,14,4,13,17,11,7,10,13,9,9,7,6,6,3,5,4,4,2,10,2,5,3,3,3,4,3,4,2,2,2,3,1,3,2,3,1,1,2,1,2,0,4,1,3,0,3,1,1,1,3,1,0,0,0,3,1,4,3,2,1,6,9,6,4,7,6,3,7,8,7,10,4,6,3,8,6,6,5,5,3,5,2,7,3,6,4,3,2,4,5,6,1,4,2,6,6,2,4,3,2,3,1,3,3,4,1,5,2,2,1,0,0,2,2,6,3,7,2,7,3,3,2,2,2,2,1,1,3,5,4,3,2,2,0,1,0,0,1,0,0,0,0,0
56.0,251,0,0,0,0,0,0,0,0,0,0,0,0,0,0,0,0,0,0,0,0,0,0,0,0,0,0,0,0,0,0,0,0,0,0,0,0,0,0,0,0,0,0,0,0,0,0,0,0,0,0,0,0,0,0,1,2,7,15,23,11,18,11,15,9,9,8,18,4,7,8,6,6,11,9,4,4,6,4,3,1,4,3,5,2,5,5,1,1,2,3,2,1,3,2,4,0,1,2,1,1,4,1,2,1,2,3,0,0,1,1,2,0,3,3,1,2,3,7,5,5,6,8,8,5,7,4,4,5,6,6,6,5,2,5,4,7,5,6,5,8,4,4,2,6,1,5,3,1,2,5,3,3,1,1,2,1,1,5,3,0,3,4,2,2,2,4,0,3,5,3,3,4,2,2,4,2,1,1,3,4,3,2,4,2,3,2,0,3,0,2,2,2,1,1,0,0,1,0,0,0
57.0,273,0,0,0,0,0,0,0,0,0,0,0,0,0,0,0,0,0,0,0,0,0,0,0,0,0,0,0,0,0,0,0,0,0,0,0,0,0,0,0,0,0,0,0,0,0,0,0,0,0,0,0,0,0,0,0,0,8,15,12,13,12,17,11,10,10,9,12,8,6,7,8,8,4,6,7,5,6,7,3,3,5,5,2,2,2,9,3,4,2,2,2,4,0,0,0,4,0,1,1,1,1,1,0,3,3,0,1,1,1,0,0,1,2,1,3,3,3,4,3,3,7,9,5,3,7,5,3,7,6,7,8,7,4,2,9,3,5,3,3,1,3,2,5,0,1,6,5,3,1,6,2,4,6,4,1,3,3,0,5,2,4,2,5,1,3,0,2,2,0,0,1,3,3,2,4,2,5,1,3,3,2,6,1,1,6,2,3,5,2,1,3,4,0,0,0,1,0,0,0,0
58.0,238,0,0,0,0,0,0,0,0,0,0,0,0,0,0,0,0,0,0,0,0,0,0,0,0,0,0,0,0,0,0,0,0,0,0,0,0,0,0,0,0,0,0,0,0,0,0,0,0,0,0,0,0,0,0,0,1,11,4,13,16,14,16,11,14,6,12,12,4,5,3,10,5,8,10,8,4,3,2,2,1,6,2,3,4,4,3,4,0,4,3,1,4,1,2,3,3,0,2,3,4,3,1,2,2,1,2,1,1,0,0,1,1,1,0,1,6,4,4,7,5,1,3,7,10,4,9,4,5,12,5,10,4,5,9,4,5,3,3,5,2,6,3,1,3,5,3,1,2,4,5,3,3,4,6,8,2,3,2,2,2,0,4,2,4,3,1,3,4,1,2,4,3,5,4,4,2,6,2,4,1,3,2,10,1,4,4,4,0,4,4,0,2,1,3,0,0,1,0,0,0
59.0,268,0,0,0,0,0,0,0,0,0,0,0,0,0,0,0,0,0,0,0,0,0,0,0,0,0,0,0,0,0,0,0,0,0,0,0,0,0,0,0,0,0,0,0,0,0,0,0,0,0,0,0,0,0,0,0,0,3,13,14,15,11,13,13,15,7,8,8,4,5,9,6,5,4,4,7,5,4,4,3,2,5,6,3,1,2,1,6,0,4,1,3,3,2,0,4,4,0,3,3,0,0,0,2,1,3,3,0,0,0,1,1,0,3,1,4,2,0,7,6,2,5,5,6,5,5,7,4,5,7,6,6,6,1,9,4,8,5,5,2,4,3,4,5,3,7,4,5,1,4,4,1,2,2,5,1,7,2,6,3,1,3,1,1,3,3,5,2,3,1,3,1,2,3,2,3,6,4,4,2,8,5,1,4,6,4,0,2,4,5,1,1,2,1,1,3,0,0,0,0,0
60.0,275,0,0,0,0,0,0,0,0,0,0,0,0,0,0,0,0,0,0,0,0,0,0,0,0,0,0,0,0,0,0,0,0,0,0,0,0,0,0,0,0,0,0,0,0,0,0,0,0,0,0,0,0,0,0,2,6,10,13,11,10,13,13,10,12,9,8,6,5,6,7,8,0,4,9,5,4,6,4,4,2,0,5,0,0,4,2,4,1,0,1,3,1,2,1,1,2,0,2,0,1,1,4,4,1,3,0,1,1,1,2,0,1,2,3,4,4,3,1,5,2,4,2,2,7,5,4,6,9,8,5,8,10,9,6,5,5,5,7,4,3,2,2,5,7,2,11,4,3,4,5,2,3,4,3,1,2,4,2,1,3,4,4,1,3,0,0,2,2,0,1,2,3,4,1,1,2,6,3,3,2,5,3,5,5,4,3,1,0,2,5,3,4,3,2,2,2,0,0,0,0
61.0,236,0,0,0,0,0,0,0,0,0,0,0,0,0,0,0,0,0,0,0,0,0,0,0,0,0,0,0,0,0,0,0,0,0,0,0,0,0,0,0,0,0,0,0,0,0,0,0,0,0,0,0,0,1,2,5,8,5,10,6,9,12,8,5,13,12,8,11,5,5,7,5,2,2,5,3,3,3,4,7,4,3,0,5,5,2,6,3,1,1,5,3,2,2,2,1,4,2,4,4,1,1,1,0,2,2,1,0,1,0,2,1,3,2,2,5,3,2,6,4,3,4,8,5,12,3,8,6,11,5,4,6,5,3,5,6,2,5,1,6,7,7,7,4,2,2,2,5,1,9,2,5,1,3,2,3,4,4,3,3,2,3,4,3,3,4,1,0,1,1,5,7,4,2,7,5,4,4,2,5,5,4,5,6,2,5,3,5,4,4,2,5,4,3,3,0,1,0,0,0,0
62.0,236,0,0,0,0,0,0,0,0,0,0,0,0,0,0,0,0,0,0,0,0,0,0,0,0,0,0,0,0,0,0,0,0,0,0,0,0,0,0,0,0,0,0,0,0,0,0,0,0,0,0,0,0,2,0,2,5,12,11,13,15,8,13,7,11,9,9,10,10,10,2,7,4,4,5,4,3,2,9,0,4,2,5,3,2,7,0,2,3,6,1,7,2,0,1,2,4,1,5,2,3,2,1,3,3,0,0,1,1,0,1,0,2,4,1,2,3,7,5,3,4,3,2,4,5,7,11,1,10,8,3,7,5,8,6,7,4,5,7,7,4,6,6,3,1,5,3,5,4,2,4,4,3,1,5,5,3,1,1,4,3,2,2,3,0,1,2,0,1,2,4,0,2,5,4,3,5,2,5,3,6,2,4,4,1,5,2,5,5,4,6,7,1,1,1,1,0,0,0,0,0
63.0,243,0,0,0,0,0,0,0,0,0,0,0,0,0,0,0,0,0,0,0,0,0,0,0,0,0,0,0,0,0,0,0,0,0,0,0,0,0,0,0,0,0,0,0,0,0,0,0,0,0,0,0,0,0,1,1,1,6,16,10,8,12,9,10,9,7,9,4,11,5,10,5,2,6,2,8,2,1,7,2,3,6,4,2,2,1,3,5,2,0,5,1,7,1,5,1,1,0,0,0,3,4,2,0,1,1,1,1,1,0,3,2,2,2,1,2,2,5,9,5,5,4,2,2,9,5,5,8,5,8,7,6,4,11,6,7,4,7,7,4,8,6,4,5,4,5,3,3,4,4,6,3,3,5,4,3,6,4,4,3,7,1,4,3,2,1,2,2,2,3,2,3,2,2,1,4,2,5,3,2,4,3,3,7,4,6,2,4,5,3,4,1,2,1,4,0,0,0,0,0,0
64.0,248,0,0,0,0,0,0,0,0,0,0,0,0,0,0,0,0,0,0,0,0,0,0,0,0,0,0,0,0,0,0,0,0,0,0,0,0,0,0,0,0,0,0,0,0,0,0,0,0,0,0,0,0,0,0,0,0,2,6,7,14,12,16,2,9,15,11,6,6,5,4,14,10,4,6,10,3,3,6,7,4,3,7,2,5,4,7,4,2,4,3,6,2,0,2,2,0,2,1,4,0,5,0,7,2,3,1,0,3,1,3,1,1,0,3,3,1,1,2,4,9,6,5,8,12,3,8,10,6,4,5,3,2,5,4,3,2,7,4,7,4,2,2,3,1,6,4,2,7,4,2,7,4,3,1,3,3,3,4,7,3,1,2,2,1,0,3,2,2,0,0,0,2,1,3,1,6,3,2,5,6,5,1,8,4,4,3,6,3,3,1,3,4,2,2,2,0,0,0,0,0
65.0,299,0,0,0,0,0,0,0,0,0,0,0,0,0,0,0,0,0,0,0,0,0,0,0,0,0,0,0,0,0,0,0,0,0,0,0,0,0,0,0,0,0,0,0,0,0,0,0,0,0,0,0,0,0,0,0,0,1,5,10,11,13,12,12,10,7,7,7,10,12,5,7,6,7,6,3,4,3,1,3,5,1,1,3,2,4,7,3,1,2,0,2,2,3,1,2,3,0,1,2,2,0,2,3,0,2,1,0,2,1,1,1,1,0,3,0,0,4,2,5,6,10,11,5,3,9,8,3,7,4,4,3,3,5,6,9,7,3,2,3,2,1,6,4,2,4,1,2,1,3,1,10,5,3,4,2,6,1,3,4,3,2,1,4,2,4,3,1,1,2,2,2,0,0,2,1,1,2,1,7,6,3,5,5,6,2,4,6,5,2,5,1,4,2,1,0,2,0,0,0,0
66.0,247,0,0,0,0,0,0,0,0,0,0,0,0,0,0,0,0,0,0,0,0,0,0,0,0,0,0,0,0,0,0,0,0,0,0,0,0,0,0,0,0,0,0,0,0,0,0,0,0,0,0,0,0,0,0,0,3,5,8,5,10,14,8,7,7,13,6,9,9,5,7,6,8,4,5,12,7,2,4,8,9,3,4,2,8,5,0,4,2,3,3,3,0,2,2,2,1,1,0,0,1,2,1,1,1,3,1,1,0,1,1,0,1,1,0,0,2,0,2,1,5,6,4,3,10,5,10,14,7,10,5,8,5,3,6,11,3,5,11,4,4,8,5,5,2,2,4,1,4,3,5,4,4,5,5,6,5,3,1,1,7,0,5,0,2,1,0,1,3,5,3,4,2,3,1,1,6,3,2,7,3,4,6,7,5,4,3,5,1,3,2,0,4,2,1,1,0,0,0,0,0
67.0,274,0,0,0,0,0,0,0,0,0,0,0,0,0,0,0,0,0,0,0,0,0,0,0,0,0,0,0,0,0,0,0,0,0,0,0,0,0,0,0,0,0,0,0,0,0,0,0,0,0,0,0,0,0,0,0,0,2,8,10,6,15,16,4,5,10,7,4,10,11,2,5,7,9,2,8,9,2,2,5,3,2,3,3,6,2,1,1,4,3,0,3,1,3,1,2,4,4,2,1,0,1,1,3,1,3,3,4,2,2,1,1,0,2,1,3,1,1,3,1,1,4,3,9,4,9,10,4,6,6,10,5,4,4,5,5,4,8,4,6,3,5,4,7,4,4,4,6,4,3,7,4,9,0,4,1,4,3,3,3,2,7,3,3,2,2,5,0,1,1,2,2,2,0,3,0,5,4,2,1,5,1,7,5,2,2,6,4,4,1,2,3,6,6,2,0,0,0,0,0,0
68.0,295,0,0,0,0,0,0,0,0,0,0,0,0,0,0,0,0,0,0,0,0,0,0,0,0,0,0,0,0,0,0,0,0,0,0,0,0,0,0,0,0,0,0,0,0,0,0,0,0,0,0,0,0,0,0,0,0,0,0,9,13,6,6,10,11,11,6,8,9,9,4,5,4,6,3,4,5,5,6,6,4,4,1,2,4,5,2,1,2,2,1,2,2,4,1,2,3,3,1,3,2,2,2,1,1,0,1,1,0,2,4,0,0,0,0,2,1,1,1,3,5,1,3,7,6,3,8,12,7,6,10,3,7,7,6,5,4,6,7,2,8,2,4,3,2,7,2,2,2,7,3,3,3,2,3,2,3,5,4,0,2,2,1,1,2,3,6,5,2,3,1,4,2,2,2,1,3,5,4,4,4,6,2,3,1,8,3,3,3,7,2,8,4,2,2,3,0,0,0,0,0
69.0,308,0,0,0,0,0,0,0,0,0,0,0,0,0,0,0,0,0,0,0,0,0,0,0,0,0,0,0,0,0,0,0,0,0,0,0,0,0,0,0,0,0,0,0,0,0,0,0,0,0,0,0,0,0,0,0,0,0,0,4,3,8,7,13,17,11,16,8,11,10,3,3,2,7,3,4,2,7,3,2,1,4,1,2,4,3,6,3,0,0,4,1,2,3,3,2,2,3,0,0,2,2,3,0,1,2,3,4,1,2,0,1,0,1,1,3,2,3,0,1,3,3,4,5,7,7,5,9,4,4,10,5,8,4,3,5,2,3,7,5,4,3,3,4,6,6,3,7,4,6,11,3,2,1,3,5,4,7,4,5,3,1,2,4,3,2,2,4,2,2,4,5,2,3,3,1,3,2,2,4,2,1,4,2,5,3,6,1,4,1,0,1,1,2,0,2,0,1,0,0,0
70.0,326,0,0,0,0,0,0,0,0,0,0,0,0,0,0,0,0,0,0,0,0,0,0,0,0,0,0,0,0,0,0,0,0,0,0,0,0,0,0,0,0,0,0,0,0,0,0,0,0,0,0,0,0,0,0,0,1,0,0,4,8,4,3,9,4,15,10,8,12,8,7,1,8,7,3,5,5,1,1,4,3,3,2,3,0,2,1,0,0,6,1,3,1,1,0,1,3,2,1,2,1,3,4,1,2,0,0,1,0,2,2,1,1,2,2,1,2,0,5,4,2,6,4,2,5,6,6,9,5,9,7,6,6,7,6,8,7,3,5,5,8,8,6,5,4,7,4,4,5,6,1,4,4,7,2,2,3,4,4,5,5,3,4,3,5,3,3,3,3,1,2,0,2,0,2,1,2,2,3,2,4,0,1,2,2,1,3,5,2,3,6,0,0,1,0,1,2,0,0,0,0
71.0,348,0,0,0,0,0,0,0,0,0,0,0,0,0,0,0,0,0,0,0,0,0,0,0,0,0,0,0,0,0,0,0,0,0,0,0,0,0,0,0,0,0,0,0,0,0,0,0,0,0,0,0,0,0,0,0,0,0,0,3,4,5,6,6,11,5,9,9,7,2,8,8,3,8,5,3,3,5,2,6,2,3,4,2,1,3,2,2,1,1,2,2,4,1,1,1,0,1,3,0,0,1,0,2,0,2,2,1,2,2,0,1,1,1,1,0,1,1,1,2,2,4,5,3,3,5,7,12,1,7,3,5,11,2,5,10,6,4,5,8,1,4,4,3,6,7,4,9,5,0,4,7,8,6,5,1,3,1,6,4,1,2,1,3,1,2,4,3,1,3,3,1,2,5,1,4,7,1,2,3,2,2,3,3,4,1,2,3,3,4,4,1,4,5,2,0,0,0,0,0,0
72.0,316,0,0,0,0,0,0,0,0,0,0,0,0,0,0,0,0,0,0,0,0,0,0,0,0,0,0,0,0,0,0,0,0,0,0,0,0,0,0,0,0,0,0,0,0,0,0,0,0,0,0,0,0,0,0,0,0,1,1,0,5,4,8,9,12,6,7,6,8,6,3,6,5,7,8,3,3,4,1,2,4,3,6,0,1,4,1,2,2,6,2,1,3,1,3,3,1,0,2,1,1,0,1,2,3,2,1,3,1,2,1,5,1,2,1,1,2,2,1,1,0,0,0,5,6,6,11,4,5,10,5,11,5,5,8,7,3,8,5,3,9,2,4,7,9,9,4,4,7,5,4,2,3,1,5,4,2,4,6,4,1,4,1,2,4,5,3,5,4,4,3,4,2,2,2,2,3,1,4,0,3,1,3,4,4,4,2,3,5,2,3,3,2,2,0,2,0,1,0,0,0
73.0,317,0,0,0,0,0,0,0,0,0,0,0,0,0,0,0,0,0,0,0,0,0,0,0,0,0,0,0,0,0,0,0,0,0,0,0,0,0,0,0,0,0,0,0,0,0,0,0,0,0,0,0,0,0,0,0,0,0,0,0,7,6,7,13,14,6,7,6,3,6,5,7,4,9,9,4,2,5,5,3,5,5,6,2,3,2,4,2,0,0,1,4,2,1,1,1,4,1,1,1,2,0,1,1,2,1,2,1,3,0,1,3,5,2,0,2,1,1,4,2,4,4,2,4,5,10,9,6,3,7,3,6,4,6,13,7,8,4,7,5,5,3,4,3,4,4,4,4,4,5,1,3,5,3,5,3,4,4,1,4,4,3,2,0,4,1,3,1,2,4,6,0,1,0,1,3,4,3,1,0,4,3,5,4,1,4,4,2,2,5,4,4,1,6,4,1,0,0,0,0,0
74.0,373,0,0,0,0,0,0,0,0,0,0,0,0,0,0,0,0,0,0,0,0,0,0,0,0,0,0,0,0,0,0,0,0,0,0,0,0,0,0,0,0,0,0,0,0,0,0,0,0,0,0,0,0,0,0,0,0,0,0,1,4,5,7,6,10,6,9,4,4,1,9,7,2,6,2,5,2,4,2,5,4,5,5,5,3,5,3,2,1,0,3,3,3,2,4,2,2,3,0,1,2,2,2,2,2,0,1,2,2,2,0,1,1,2,1,3,1,0,3,1,1,3,0,2,4,8,6,4,1,1,6,5,2,2,4,5,5,5,2,7,8,4,3,5,4,6,6,3,5,3,5,6,3,4,2,7,3,4,5,1,3,6,2,5,0,0,1,1,1,5,5,2,5,4,4,2,7,1,2,0,3,3,0,1,2,2,6,4,1,4,2,1,3,0,2,1,1,0,0,0,0
75.0,358,0,0,0,0,0,0,0,0,0,0,0,0,0,0,0,0,0,0,0,0,0,0,0,0,0,0,0,0,0,0,0,0,0,0,0,0,0,0,0,0,0,0,0,0,0,0,0,0,0,0,0,0,0,0,0,0,0,1,1,7,9,8,8,8,7,4,8,9,9,3,6,8,6,4,2,4,2,4,2,3,1,4,3,2,2,4,2,2,2,2,0,1,3,3,1,1,0,1,4,1,1,3,1,0,1,2,3,1,0,1,2,2,0,1,2,1,0,2,2,4,2,1,3,7,6,2,4,1,4,7,7,9,6,6,4,3,4,8,3,7,4,3,6,1,5,4,3,6,4,8,6,4,0,3,3,5,2,4,2,2,1,2,2,4,3,6,2,3,5,3,3,4,3,2,3,1,3,2,3,4,3,2,3,2,3,1,2,2,3,2,5,2,1,3,0,1,0,0,0,0
76.0,377,0,0,0,0,0,0,0,0,0,0,0,0,0,0,0,0,0,0,0,0,0,0,0,0,0,0,0,0,0,0,0,0,0,0,0,0,0,0,0,0,0,0,0,0,0,0,0,0,0,0,0,0,0,0,0,0,0,0,0,4,5,3,12,10,6,8,5,8,8,7,7,2,4,10,2,2,1,5,3,3,2,7,6,2,1,3,2,2,3,2,2,4,4,1,3,1,0,1,1,2,2,2,2,3,1,1,1,1,1,1,0,0,1,1,0,2,0,0,4,2,3,2,4,5,2,5,3,5,4,6,6,9,7,8,5,2,3,6,3,5,3,3,5,3,4,5,2,6,0,1,2,3,3,2,4,5,5,2,5,5,2,2,2,4,4,6,5,0,1,1,0,1,5,4,1,0,1,2,0,2,2,5,4,2,4,3,3,4,3,1,2,5,2,1,0,0,1,0,0,0
77.0,357,0,0,0,0,0,0,0,0,0,0,0,0,0,0,0,0,0,0,0,0,0,0,0,0,0,0,0,0,0,0,0,0,0,0,0,0,0,0,0,0,0,0,0,0,0,0,0,0,0,0,0,0,0,0,0,0,0,0,0,4,10,7,13,8,14,3,6,5,6,8,2,3,8,2,5,3,2,5,3,1,3,3,5,1,3,5,2,4,1,2,3,2,2,2,1,2,1,0,1,3,0,3,0,0,0,2,1,0,2,0,0,3,0,1,0,0,0,1,0,2,2,2,6,1,9,6,4,15,5,4,3,4,4,5,3,9,5,5,5,7,3,4,8,4,4,5,5,3,4,5,1,2,4,4,6,1,2,4,4,3,1,3,3,6,4,3,3,3,3,4,4,1,1,2,8,3,3,2,2,1,2,2,2,7,2,2,3,5,3,0,2,2,2,2,0,0,0,0,0,0
78.0,377,0,0,0,0,0,0,0,0,0,0,0,0,0,0,0,0,0,0,0,0,0,0,0,0,0,0,0,0,0,0,0,0,0,0,0,0,0,0,0,0,0,0,0,0,0,0,0,0,0,0,0,0,0,0,0,0,0,0,3,3,4,4,8,15,11,7,11,7,2,5,5,4,3,4,2,2,2,1,3,4,6,2,0,2,0,2,2,1,1,2,4,0,0,3,1,1,1,0,1,2,1,1,1,0,2,0,2,0,3,4,1,1,2,0,0,3,0,2,0,3,1,2,1,2,3,4,12,6,7,3,7,5,6,10,4,7,6,5,3,2,5,5,3,7,0,6,1,7,3,3,2,5,7,3,4,3,2,5,3,5,4,3,2,1,6,2,4,0,4,4,1,4,1,3,2,2,5,4,2,1,3,1,3,1,3,4,4,4,5,3,1,3,0,1,2,0,0,0,0,0
79.0,352,0,0,0,0,0,0,0,0,0,0,0,0,0,0,0,0,0,0,0,0,0,0,0,0,0,0,0,0,0,0,0,0,0,0,0,0,0,0,0,0,0,0,0,0,0,0,0,0,0,0,0,0,0,0,0,0,0,0,4,5,11,11,10,9,8,13,3,3,9,4,3,5,6,8,8,6,5,1,3,4,1,4,2,2,5,3,5,1,1,2,3,0,1,1,1,3,1,1,1,0,0,0,1,4,0,1,0,0,1,1,0,1,1,1,1,2,1,2,0,1,2,9,4,3,5,3,6,5,8,2,4,6,3,5,6,6,12,4,4,7,9,8,4,4,4,2,4,2,7,2,4,4,2,1,5,5,2,3,2,2,3,3,4,3,1,2,5,0,5,8,0,2,2,2,3,2,0,3,2,2,1,3,1,3,2,1,1,8,2,2,2,3,2,2,0,0,0,0,0,0
80.0,362,0,0,0,0,0,0,0,0,0,0,0,0,0,0,0,0,0,0,0,0,0,0,0,0,0,0,0,0,0,0,0,0,0,0,0,0,0,0,0,0,0,0,0,0,0,0,0,0,0,0,0,0,0,0,0,0,0,0,6,5,3,7,6,11,11,8,10,5,8,7,14,4,2,2,5,3,6,3,7,5,5,4,6,3,0,1,4,3,1,0,1,2,0,0,3,6,1,3,2,1,1,1,1,1,2,0,0,1,0,1,0,2,2,0,0,1,0,1,3,1,2,2,2,3,3,3,5,4,5,3,2,5,3,5,4,7,4,4,4,5,4,7,4,4,8,4,2,6,4,5,6,6,1,3,4,3,2,2,6,4,4,1,0,1,5,3,5,0,5,4,1,2,2,4,0,1,2,3,2,4,3,1,3,1,3,2,2,3,3,3,3,2,7,2,0,1,0,0,0,0
81.0,366,0,0,0,0,0,0,0,0,0,0,0,0,0,0,0,0,0,0,0,0,0,0,0,0,0,0,0,0,0,0,0,0,0,0,0,0,0,0,0,0,0,0,0,0,0,0,0,0,0,0,0,0,0,0,0,0,0,1,0,4,8,9,9,9,13,8,10,10,10,6,4,5,5,4,5,6,3,7,1,0,5,1,3,2,2,1,1,2,0,0,0,1,2,1,1,4,4,0,1,0,2,0,1,1,1,0,0,2,2,0,1,2,0,1,0,1,3,0,1,3,1,2,5,3,3,3,6,9,8,6,2,5,2,6,4,8,3,5,9,4,5,4,3,8,2,6,8,5,5,3,1,1,3,6,7,4,3,4,2,2,4,0,6,5,2,3,3,4,4,3,5,5,0,3,3,0,1,0,3,2,3,2,0,1,4,1,3,1,1,2,0,3,2,0,1,1,0,0,0,0
82.0,369,0,0,0,0,0,0,0,0,0,0,0,0,0,0,0,0,0,0,0,0,0,0,0,0,0,0,0,0,0,0,0,0,0,0,0,0,0,0,0,0,0,0,0,0,0,0,0,0,0,0,0,0,0,0,0,0,0,0,0,1,7,11,11,10,12,14,10,8,3,8,4,3,4,9,6,2,2,6,6,3,4,4,4,3,2,5,1,1,1,3,3,1,3,2,1,2,0,1,1,1,2,0,0,1,1,2,1,2,2,2,1,2,0,1,2,2,0,1,0,0,0,0,3,1,2,4,3,4,3,6,6,2,5,3,5,2,5,2,4,4,7,4,4,4,7,7,5,5,3,0,6,2,5,4,3,5,3,4,4,2,5,0,3,3,5,2,7,3,4,2,1,3,2,6,1,2,4,3,2,3,2,0,1,1,1,4,5,1,2,3,2,2,4,1,0,0,0,0,0,0
83.0,373,0,0,0,0,0,0,0,0,0,0,0,0,0,0,0,0,0,0,0,0,0,0,0,0,0,0,0,0,0,0,0,0,0,0,0,0,0,0,0,0,0,0,0,0,0,0,0,0,0,0,0,0,0,0,0,0,0,0,0,1,6,11,18,10,15,11,15,10,5,7,4,2,3,8,6,3,3,5,3,3,5,2,1,2,1,2,3,1,2,0,2,1,1,1,4,0,0,1,0,1,0,2,1,0,1,1,1,1,1,1,1,0,1,2,3,2,0,1,0,1,1,1,1,0,2,4,2,5,4,3,10,7,4,6,3,3,1,7,3,4,5,8,2,5,5,1,2,4,6,4,5,4,5,7,7,3,2,2,5,3,2,5,3,0,3,2,1,3,5,1,4,2,1,4,3,2,2,2,4,0,3,2,3,4,2,2,3,4,2,2,1,2,3,2,0,0,0,0,0,0
84.0,374,0,0,0,0,0,0,0,0,0,0,0,0,0,0,0,0,0,0,0,0,0,0,0,0,0,0,0,0,0,0,0,0,0,0,0,0,0,0,0,0,0,0,0,0,0,0,0,0,0,0,0,0,0,0,0,0,0,0,1,5,7,3,14,23,8,12,6,13,9,3,6,5,6,5,8,7,4,2,10,4,0,7,1,3,3,2,4,3,0,1,3,1,2,1,3,2,3,0,1,0,2,1,1,2,0,1,0,1,1,1,0,2,1,2,1,1,0,1,1,1,2,2,0,1,2,3,1,1,5,7,4,9,7,2,5,1,1,6,7,7,4,3,2,4,2,4,2,1,4,4,2,3,3,1,6,3,4,2,2,0,3,0,4,3,3,3,3,4,2,2,9,3,3,0,3,0,3,2,2,2,2,3,3,2,5,1,2,1,4,2,3,2,1,1,2,0,0,0,0,0
85.0,381,0,0,0,0,0,0,0,0,0,0,0,0,0,0,0,0,0,0,0,0,0,0,0,0,0,0,0,0,0,0,0,0,0,0,0,0,0,0,0,0,0,0,0,0,0,0,0,0,0,0,0,0,0,0,0,0,0,1,2,1,8,15,10,13,15,8,12,13,7,7,7,9,4,3,5,3,6,2,5,4,5,3,5,8,1,3,2,3,2,1,0,0,1,2,1,4,2,0,2,5,1,1,0,2,3,4,1,0,2,0,1,3,0,0,0,0,0,2,0,1,1,3,1,2,2,1,2,3,3,5,1,1,3,2,2,3,6,3,5,5,5,9,5,3,4,3,5,4,2,2,2,6,3,3,3,5,2,6,5,2,3,0,1,4,3,0,2,2,2,1,2,1,2,3,3,4,3,0,1,3,0,0,4,4,3,5,4,1,0,1,1,1,1,0,0,0,1,1,0,0
86.0,397,0,0,0,0,0,0,0,0,0,0,0,0,0,0,0,0,0,0,0,0,0,0,0,0,0,0,0,0,0,0,0,0,0,0,0,0,0,0,0,0,0,0,0,0,0,0,0,0,0,0,0,0,0,0,0,0,0,1,2,10,9,3,13,13,16,10,10,10,8,8,4,5,6,4,9,7,1,6,2,2,5,2,2,4,3,1,1,3,1,1,1,3,2,1,0,1,1,0,2,2,2,2,1,1,2,2,4,0,1,0,1,0,0,1,0,0,1,0,1,0,2,0,0,3,4,3,3,5,3,6,6,4,2,1,3,1,3,4,6,2,3,3,5,2,4,3,5,3,4,4,4,3,3,1,2,5,2,1,6,1,4,5,1,4,1,2,4,0,7,1,1,3,2,2,4,4,2,1,2,2,4,0,1,3,1,0,2,2,1,0,1,4,2,2,0,1,0,0,0,0
87.0,369,0,0,0,0,0,0,0,0,0,0,0,0,0,0,0,0,0,0,0,0,0,0,0,0,0,0,0,0,0,0,0,0,0,0,0,0,0,0,0,0,0,0,0,0,0,0,0,0,0,0,0,0,0,0,0,0,0,1,4,6,7,16,19,18,11,9,10,3,8,6,10,3,3,9,13,7,3,3,6,2,7,6,4,3,3,6,3,3,2,3,3,1,1,0,1,5,3,0,1,1,1,0,1,2,1,0,2,1,0,0,1,2,0,1,1,1,1,0,2,0,3,2,1,0,0,3,2,3,5,7,1,4,1,1,4,4,3,4,3,7,2,3,2,6,6,3,2,4,5,1,2,4,2,3,2,4,4,4,2,0,7,0,2,3,2,2,0,2,4,2,2,4,2,4,0,3,3,3,2,5,3,3,1,1,3,3,0,0,1,1,0,2,0,2,1,0,0,1,0,0
88.0,374,0,0,0,0,0,0,0,0,0,0,0,0,0,0,0,0,0,0,0,0,0,0,0,0,0,0,0,0,0,0,0,0,0,0,0,0,0,0,0,0,0,0,0,0,0,0,0,0,0,0,0,0,0,0,0,0,0,1,5,14,6,10,14,16,20,10,10,13,7,9,12,3,4,10,2,3,4,6,3,0,5,2,2,8,2,4,4,0,1,3,1,0,0,5,1,2,0,2,1,1,2,1,1,0,3,0,2,3,4,0,0,1,1,1,0,0,0,0,0,0,1,0,3,2,8,4,1,1,3,3,4,4,2,3,7,2,4,8,1,2,3,5,6,6,3,7,2,3,1,2,3,5,0,2,3,5,6,1,3,2,3,1,0,3,1,2,3,4,2,1,2,2,4,1,3,2,1,1,2,5,4,0,2,2,2,4,0,1,0,2,0,1,0,1,0,0,0,0,0,0
89.0,391,0,0,0,0,0,0,0,0,0,0,0,0,0,0,0,0,0,0,0,0,0,0,0,0,0,0,0,0,0,0,0,0,0,0,0,0,0,0,0,0,0,0,0,0,0,0,0,0,0,0,0,0,0,0,0,0,0,1,6,8,12,15,10,12,9,13,13,15,5,8,9,4,6,7,5,5,6,3,2,3,1,3,3,2,4,3,0,2,4,3,3,1,2,1,1,2,5,1,3,0,2,0,0,0,3,2,0,1,0,1,0,0,0,0,0,1,1,0,1,0,1,1,2,4,2,3,2,3,1,3,3,2,1,2,6,4,0,10,4,3,4,2,3,6,5,1,3,4,2,1,5,1,4,4,5,2,4,0,3,4,2,2,2,1,4,2,2,0,3,3,0,0,2,3,2,3,1,2,1,3,3,1,3,1,1,2,1,1,0,1,6,3,1,5,1,0,0,0,0,0
90.0,354,0,0,0,0,0,0,0,0,0,0,0,0,0,0,0,0,0,0,0,0,0,0,0,0,0,0,0,0,0,0,0,0,0,0,0,0,0,0,0,0,0,0,0,0,0,0,0,0,0,0,0,0,0,0,0,0,2,2,7,11,11,7,16,19,10,13,11,10,7,12,7,3,7,6,8,5,5,5,4,5,4,3,5,3,2,0,2,1,1,4,2,5,3,0,4,0,3,1,2,0,2,1,2,2,3,0,0,0,0,0,2,2,1,1,0,1,2,0,1,3,1,2,0,3,1,2,1,3,4,1,5,5,7,2,5,3,3,4,4,6,8,1,5,2,4,3,1,5,3,2,3,4,4,2,5,4,2,2,4,2,1,4,2,2,4,0,3,3,2,1,4,2,1,3,2,2,3,2,3,3,3,0,3,3,0,1,0,1,5,3,1,1,0,1,0,0,0,0,0,0
91.0,375,0,0,0,0,0,0,0,0,0,0,0,0,0,0,0,0,0,0,0,0,0,0,0,0,0,0,0,0,0,0,0,0,0,0,0,0,0,0,0,0,0,0,0,0,0,0,0,0,0,0,0,0,0,0,0,2,3,3,12,11,10,11,12,10,8,15,14,7,8,9,7,5,7,9,4,3,2,2,2,4,2,1,6,4,1,5,0,3,2,3,0,2,0,1,1,5,5,1,0,1,2,1,2,1,2,1,3,0,0,1,0,1,2,6,0,2,1,2,0,0,2,1,0,2,2,4,3,6,5,2,3,4,2,2,1,2,6,3,2,3,2,0,4,5,5,1,2,1,2,7,4,2,1,3,4,2,3,4,3,1,3,3,5,3,0,2,2,3,3,2,1,3,3,3,1,0,1,1,3,2,4,0,1,3,3,1,2,3,7,2,3,1,2,0,0,0,0,0,0,0
92.0,370,0,0,0,0,0,0,0,0,0,0,0,0,0,0,0,0,0,0,0,0,0,0,0,0,0,0,0,0,0,0,0,0,0,0,0,0,0,0,0,0,0,0,0,0,0,0,0,0,0,0,0,0,0,0,0,0,1,0,5,10,14,13,15,11,6,19,15,6,4,6,8,6,5,11,6,7,2,8,8,5,0,5,6,3,6,2,1,1,3,3,5,1,2,2,0,0,2,0,1,1,0,1,2,0,3,2,1,1,0,1,0,1,0,0,2,0,0,1,5,2,1,2,1,6,0,4,1,5,3,5,6,5,4,6,4,2,1,4,2,2,2,0,1,5,7,3,1,3,2,1,0,4,2,2,2,7,3,3,2,2,2,6,1,1,2,2,3,1,2,2,2,1,4,3,1,2,0,7,1,4,2,2,4,2,0,0,2,1,1,2,2,1,2,0,1,0,0,0,0,0
93.0,376,0,0,0,0,0,0,0,0,0,0,0,0,0,0,0,0,0,0,0,0,0,0,0,0,0,0,0,0,0,0,0,0,0,0,0,0,0,0,0,0,0,0,0,0,0,0,0,0,0,0,0,0,0,0,0,1,0,1,11,15,13,16,16,14,6,22,14,4,10,6,2,7,5,5,6,3,11,4,1,1,3,2,2,3,4,2,4,0,2,3,1,5,0,6,0,1,0,3,2,4,0,2,1,0,3,2,0,0,0,1,0,1,3,3,1,0,0,1,1,1,2,2,3,3,2,8,2,4,5,5,5,4,2,4,4,2,2,2,2,6,5,1,4,6,3,2,5,2,4,3,3,2,1,3,1,2,2,2,0,3,1,0,5,4,1,2,2,2,1,3,2,3,1,0,0,1,2,1,1,0,1,0,2,1,3,0,0,2,4,1,3,1,0,1,1,0,0,0,0,0
94.0,367,0,0,0,0,0,0,0,0,0,0,0,0,0,0,0,0,0,0,0,0,0,0,0,0,0,0,0,0,0,0,0,0,0,0,0,0,0,0,0,0,0,0,0,0,0,0,0,0,0,0,0,0,0,0,0,0,0,6,9,5,12,18,17,4,13,14,7,10,14,9,7,5,6,5,4,4,6,4,3,5,6,7,5,5,1,1,3,1,1,1,5,1,1,0,3,0,2,0,3,2,4,1,0,2,0,0,0,0,1,0,0,1,0,1,1,1,1,1,1,3,0,3,1,3,3,5,5,2,4,1,6,7,6,2,3,5,4,2,2,5,5,4,4,2,5,5,4,0,6,2,7,2,6,4,2,1,5,1,0,1,1,1,1,2,1,0,5,3,1,2,2,2,2,1,1,1,0,5,4,1,4,0,1,2,0,3,1,2,2,1,2,1,1,1,0,0,0,0,0,0
95.0,339,0,0,0,0,0,0,0,0,0,0,0,0,0,0,0,0,0,0,0,0,0,0,0,0,0,0,0,0,0,0,0,0,0,0,0,0,0,0,0,0,0,0,0,0,0,0,0,0,0,0,0,0,0,0,0,0,0,1,10,8,14,20,17,17,9,9,7,7,16,7,4,7,5,3,6,4,6,3,6,4,3,4,7,7,5,2,6,3,6,4,3,1,1,2,1,4,1,1,5,3,2,1,1,2,1,2,0,2,1,2,3,1,2,1,1,1,1,1,0,0,1,0,1,4,5,5,6,8,6,3,3,4,3,2,1,2,7,6,1,2,5,6,1,2,9,6,3,4,0,1,4,3,0,2,2,3,3,2,2,5,3,1,1,2,1,3,0,1,0,2,1,2,3,1,1,3,0,5,2,1,2,2,0,1,2,1,3,2,1,0,3,1,2,3,0,0,0,0,0,0
96.0,368,0,0,0,0,0,0,0,0,0,0,0,0,0,0,0,0,0,0,0,0,0,0,0,0,0,0,0,0,0,0,0,0,0,0,0,0,0,0,0,0,0,0,0,0,0,0,0,0,0,0,0,0,0,0,0,0,1,10,10,9,13,18,16,9,15,8,13,7,9,9,7,4,10,6,4,4,9,6,3,5,3,4,1,0,6,5,4,1,1,4,2,4,5,1,1,2,2,3,2,2,1,1,3,3,0,1,2,1,1,2,1,0,1,2,1,1,1,2,2,1,2,3,5,2,2,2,3,3,6,2,6,7,4,0,5,0,0,2,2,1,3,5,2,2,5,1,2,2,3,4,1,1,4,3,1,5,3,3,1,2,1,1,1,2,0,4,1,0,3,4,1,2,2,1,3,2,0,1,0,0,1,0,2,1,1,2,1,0,1,3,0,3,2,1,2,0,0,0,0,0
97.0,322,0,0,0,0,0,0,0,0,0,0,0,0,0,0,0,0,0,0,0,0,0,0,0,0,0,0,0,0,0,0,0,0,0,0,0,0,0,0,0,0,0,0,0,0,0,0,0,0,0,0,0,0,0,0,0,0,0,6,7,10,12,18,20,18,13,17,11,9,11,10,7,6,8,5,10,4,7,8,2,4,8,3,5,2,2,2,0,3,1,4,4,1,0,4,1,2,1,2,0,1,1,1,1,1,2,3,1,1,0,0,3,1,2,1,1,2,0,1,0,0,2,2,1,4,5,3,5,3,7,7,1,2,3,6,7,4,5,2,5,3,8,6,4,8,2,3,4,3,3,6,2,3,2,4,0,2,4,1,2,1,1,2,3,3,1,1,2,2,2,1,2,5,5,2,1,0,0,0,2,2,1,3,2,0,3,0,2,1,0,0,1,1,2,0,0,1,0,0,0,0
98.0,353,0,0,0,0,0,0,0,0,0,0,0,0,0,0,0,0,0,0,0,0,0,0,0,0,0,0,0,0,0,0,0,0,0,0,0,0,0,0,0,0,0,0,0,0,0,0,0,0,0,0,0,0,0,0,0,0,0,3,5,11,13,12,18,19,10,13,8,7,13,9,9,10,10,8,7,6,4,3,3,5,8,5,4,2,1,3,1,5,3,6,3,1,2,1,1,3,0,0,1,0,1,0,1,0,2,1,4,1,2,0,1,4,4,1,1,0,2,2,1,1,0,1,3,4,3,3,2,3,5,4,6,1,3,5,6,3,4,6,4,4,6,1,5,2,5,6,2,3,1,2,2,3,1,2,3,3,2,0,3,1,4,1,7,5,1,2,2,1,3,2,2,1,2,1,0,2,2,1,2,2,1,0,1,1,0,0,1,0,1,3,0,0,0,0,0,0,0,0,0,0
99.0,358,0,0,0,0,0,0,0,0,0,0,0,0,0,0,0,0,0,0,0,0,0,0,0,0,0,0,0,0,0,0,0,0,0,0,0,0,0,0,0,0,0,0,0,0,0,0,0,0,0,0,0,0,0,0,0,0,0,4,2,7,7,11,19,11,12,10,9,5,8,8,5,11,6,4,1,4,7,3,7,4,4,6,2,6,5,1,5,2,2,2,5,3,1,4,2,3,2,3,2,2,1,4,2,2,2,1,1,2,1,1,1,2,3,1,2,2,2,0,0,2,1,1,2,5,2,3,4,3,3,6,3,3,10,2,6,3,3,5,7,3,3,5,8,3,2,3,2,5,6,0,2,2,4,2,2,2,3,1,1,3,0,1,2,2,4,2,2,2,2,1,2,0,5,3,2,2,2,2,2,3,1,0,3,1,3,0,1,2,1,3,0,1,1,2,1,0,0,0,0,0
100.0,355,0,0,0,0,0,0,0,0,0,0,0,0,0,0,0,0,0,0,0,0,0,0,0,0,0,0,0,0,0,0,0,0,0,0,0,0,0,0,0,0,0,0,0,0,0,0,0,0,0,0,0,0,0,0,0,0,1,1,3,7,5,12,21,11,10,13,13,9,10,2,9,5,8,4,4,6,10,4,2,1,3,2,3,1,4,6,2,0,3,2,2,0,5,7,2,4,2,4,2,2,2,3,1,3,3,2,0,3,1,1,0,2,1,2,2,0,0,1,1,0,2,1,3,2,6,5,6,5,2,4,6,7,9,7,8,2,3,1,2,3,3,2,2,3,2,4,5,4,8,4,2,5,3,2,3,3,0,2,1,1,2,3,1,1,4,0,4,2,3,2,3,1,2,3,1,1,3,2,2,1,1,3,1,2,0,0,1,2,3,0,1,0,2,1,1,0,0,0,0,0
101.0,326,0,0,0,0,0,0,0,0,0,0,0,0,0,0,0,0,0,0,0,0,0,0,0,0,0,0,0,0,0,0,0,0,0,0,0,0,0,0,0,0,0,0,0,0,0,0,0,0,0,0,0,0,0,0,0,0,0,0,7,8,10,21,13,11,8,16,11,9,7,7,3,11,2,7,7,7,8,7,4,8,9,3,2,1,4,3,4,3,2,1,1,2,1,2,2,2,1,1,1,1,1,0,2,0,0,0,2,0,2,2,0,1,2,3,1,2,1,1,2,4,0,3,1,4,8,7,4,4,4,5,3,4,2,5,10,2,6,2,2,4,4,7,8,4,3,2,4,7,4,4,6,5,4,1,3,7,6,2,0,2,1,4,3,0,3,3,3,4,6,2,2,3,3,3,3,2,0,1,3,0,0,0,0,1,0,1,0,1,2,0,1,0,1,1,1,1,0,0,0,0
102.0,315,0,0,0,0,0,0,0,0,0,0,0,0,0,0,0,0,0,0,0,0,0,0,0,0,0,0,0,0,0,0,0,0,0,0,0,0,0,0,0,0,0,0,0,0,0,0,0,0,0,0,0,0,0,0,0,0,5,2,6,6,11,13,15,8,13,13,5,13,8,12,7,13,7,9,9,5,5,4,3,3,7,3,4,1,3,1,4,4,2,5,6,1,2,0,4,3,2,2,1,3,1,1,0,1,2,2,0,0,2,1,1,0,0,3,2,0,1,3,1,4,3,2,3,5,7,3,6,3,6,4,8,7,8,6,4,6,8,1,7,6,5,5,6,4,4,4,7,3,4,2,8,2,1,1,2,2,5,1,2,1,2,2,3,2,3,3,2,3,1,4,0,3,1,1,1,0,0,0,0,1,1,2,1,2,2,0,2,2,0,0,1,0,1,0,1,0,0,0,0,0
103.0,310,0,0,0,0,0,0,0,0,0,0,0,0,0,0,0,0,0,0,0,0,0,0,0,0,0,0,0,0,0,0,0,0,0,0,0,0,0,0,0,0,0,0,0,0,0,0,0,0,0,0,0,0,0,0,1,1,4,5,14,16,16,11,15,8,9,12,9,10,10,9,6,8,8,5,8,7,3,3,0,3,4,5,3,2,1,4,4,2,3,3,2,1,1,3,0,1,0,1,3,1,2,2,1,2,2,1,1,2,0,2,0,1,0,0,1,1,1,0,3,4,5,1,4,2,10,7,5,3,10,6,5,6,8,6,1,6,7,4,6,1,5,2,2,2,4,3,4,4,3,6,4,5,3,2,0,6,0,4,6,1,2,2,3,2,1,4,1,2,3,2,4,2,4,1,1,1,2,0,2,1,1,2,2,1,2,1,2,2,3,1,0,3,0,1,1,0,0,0,0,0
104.0,316,0,0,0,0,0,0,0,0,0,0,0,0,0,0,0,0,0,0,0,0,0,0,0,0,0,0,0,0,0,0,0,0,0,0,0,0,0,0,0,0,0,0,0,0,0,0,0,0,0,0,0,0,0,0,0,1,1,2,5,8,7,8,16,9,16,14,9,14,13,7,9,15,5,6,5,3,3,1,5,4,4,4,1,5,1,4,2,5,3,2,2,1,0,0,4,3,1,1,0,1,2,3,1,1,1,1,1,1,4,1,1,4,0,5,0,1,3,0,2,5,4,1,6,3,3,5,5,2,6,5,2,6,5,6,8,7,9,3,6,8,4,7,2,6,4,3,7,4,1,2,1,1,3,0,2,3,6,3,0,3,2,3,2,3,2,2,4,5,1,2,1,4,1,2,2,0,3,3,1,5,2,3,1,1,0,5,1,1,3,1,0,0,0,0,0,0,1,0,0,0
105.0,303,0,0,0,0,0,0,0,0,0,0,0,0,0,0,0,0,0,0,0,0,0,0,0,0,0,0,0,0,0,0,0,0,0,0,0,0,0,0,0,0,0,0,0,0,0,0,0,0,0,0,0,0,0,0,0,0,0,4,8,8,13,12,15,9,13,10,7,15,11,10,10,11,5,6,0,12,10,7,3,3,3,2,5,6,5,3,4,3,1,6,1,0,2,2,0,4,3,0,0,2,1,0,4,2,2,1,0,1,1,0,0,1,1,1,3,0,2,2,3,0,2,4,3,5,9,5,3,1,3,7,5,7,5,5,6,7,5,10,8,4,8,4,5,6,4,3,7,2,3,3,5,3,4,6,2,4,2,0,1,2,2,1,2,0,3,1,2,1,1,3,3,3,6,3,1,3,2,0,0,0,0,2,1,2,2,1,1,0,1,1,0,1,1,1,1,0,0,0,0,0
106.0,290,0,0,0,0,0,0,0,0,0,0,0,0,0,0,0,0,0,0,0,0,0,0,0,0,0,0,0,0,0,0,0,0,0,0,0,0,0,0,0,0,0,0,0,0,0,0,0,0,0,0,0,0,0,0,0,0,0,6,13,12,19,16,16,19,11,15,8,14,7,9,6,9,9,6,7,5,8,8,3,6,4,2,2,6,2,4,2,1,0,2,2,2,1,5,1,3,1,2,2,0,2,2,1,1,3,2,0,3,2,1,2,1,2,0,0,2,1,1,3,0,4,3,2,3,8,10,5,4,6,8,5,5,7,7,4,6,4,3,4,4,3,3,4,2,5,3,4,3,3,2,2,4,10,5,2,3,3,2,3,4,1,3,1,3,5,1,0,1,0,0,1,1,0,1,2,1,2,3,0,3,1,0,1,2,1,0,1,1,3,2,1,0,1,1,0,1,0,0,0,0
107.0,293,0,0,0,0,0,0,0,0,0,0,0,0,0,0,0,0,0,0,0,0,0,0,0,0,0,0,0,0,0,0,0,0,0,0,0,0,0,0,0,0,0,0,0,0,0,0,0,0,0,0,0,0,0,0,0,1,0,3,17,11,12,20,18,16,18,11,9,16,7,5,7,2,8,4,6,4,4,8,6,7,3,1,1,5,6,6,6,2,1,2,1,3,2,3,1,0,0,2,2,4,0,1,0,1,1,0,1,1,3,2,1,0,1,0,0,1,1,1,2,2,2,5,0,5,4,3,6,2,6,6,10,6,3,3,5,9,5,6,8,3,6,3,4,5,2,5,4,3,2,3,3,1,3,6,3,2,1,3,3,3,7,1,5,3,3,2,1,1,4,2,2,3,2,2,4,0,1,0,1,3,2,0,0,2,1,1,2,0,4,2,1,2,1,1,0,1,0,0,0,0
108.0,308,0,0,0,0,0,0,0,0,0,0,0,0,0,0,0,0,0,0,0,0,0,0,0,0,0,0,0,0,0,0,0,0,0,0,0,0,0,0,0,0,0,0,0,0,0,0,0,0,0,0,0,0,0,0,0,0,2,2,4,13,7,11,14,16,9,12,12,11,6,7,5,11,9,5,4,5,4,5,4,2,5,2,0,3,1,7,4,5,4,5,4,4,4,2,1,4,0,2,0,1,0,3,0,0,2,0,1,1,0,1,1,1,1,5,2,0,0,2,2,5,4,3,2,1,7,5,3,10,8,4,6,4,9,5,8,2,6,6,4,2,4,8,3,2,6,3,3,10,4,5,3,1,1,8,1,1,3,5,2,4,3,4,2,2,2,2,2,1,3,2,3,2,2,1,6,0,1,0,1,2,2,3,1,1,3,0,1,1,2,5,1,1,0,0,0,1,0,0,0,0
109.0,273,0,0,0,0,0,0,0,0,0,0,0,0,0,0,0,0,0,0,0,0,0,0,0,0,0,0,0,0,0,0,0,0,0,0,0,0,0,0,0,0,0,0,0,0,0,0,0,0,0,0,0,0,0,0,0,0,1,6,15,8,8,16,11,16,15,8,15,15,14,6,8,6,3,7,3,5,3,7,5,4,6,4,1,5,6,3,3,0,2,5,1,6,3,5,1,3,1,4,1,1,2,1,1,2,3,1,1,1,0,2,1,1,0,0,1,0,1,1,0,4,3,2,5,3,8,2,8,7,9,3,6,4,12,7,9,4,2,4,6,1,3,6,7,6,2,6,2,2,3,3,6,4,4,1,5,2,3,0,6,2,4,3,2,2,1,6,3,3,3,4,3,1,0,1,3,6,4,0,1,0,1,1,1,1,4,1,2,2,1,1,1,0,2,2,2,0,0,0,0,0
110.0,293,0,0,0,0,0,0,0,0,0,0,0,0,0,0,0,0,0,0,0,0,0,0,0,0,0,0,0,0,0,0,0,0,0,0,0,0,0,0,0,0,0,0,0,0,0,0,0,0,0,0,0,0,0,0,1,0,0,0,5,9,12,15,18,16,10,15,14,7,14,6,7,4,7,4,3,9,6,2,1,4,7,6,4,3,2,5,2,1,1,1,3,2,5,1,3,3,2,1,2,3,2,4,1,0,2,0,1,1,3,0,2,0,3,1,1,1,1,0,0,3,8,5,8,6,3,6,3,4,6,8,10,4,4,10,5,7,4,2,6,4,3,5,10,4,4,2,4,3,2,3,3,4,3,2,5,2,4,1,2,3,3,0,2,0,2,3,1,2,2,3,1,1,4,4,1,2,4,2,2,1,0,3,1,2,3,2,1,4,2,2,0,2,0,1,1,1,0,0,0,0
111.0,288,0,0,0,0,0,0,0,0,0,0,0,0,0,0,0,0,0,0,0,0,0,0,0,0,0,0,0,0,0,0,0,0,0,0,0,0,0,0,0,0,0,0,0,0,0,0,0,0,0,0,0,0,0,0,0,0,0,2,10,13,12,17,15,14,12,8,11,10,8,7,2,5,7,7,2,6,6,5,6,4,5,1,0,3,4,3,3,0,1,4,5,4,1,1,2,0,1,3,2,2,0,2,0,0,3,1,3,4,3,3,0,0,3,2,3,0,1,1,3,1,3,4,3,3,6,5,9,7,5,4,4,6,7,10,7,9,6,7,5,2,5,7,7,4,6,6,3,3,2,7,3,0,5,3,3,4,3,2,3,5,0,4,6,7,1,2,2,2,0,4,2,1,3,0,2,3,1,1,0,1,1,2,2,2,2,2,1,1,1,2,1,0,4,1,0,0,0,0,0,0
112.0,269,0,0,0,0,0,0,0,0,0,0,0,0,0,0,0,0,0,0,0,0,0,0,0,0,0,0,0,0,0,0,0,0,0,0,0,0,0,0,0,0,0,0,0,0,0,0,0,0,0,0,0,0,0,0,0,0,2,2,13,11,14,18,17,21,9,12,7,5,9,9,9,6,5,8,4,12,1,3,4,7,2,2,5,3,5,2,7,1,3,3,0,0,1,2,3,1,3,0,3,2,0,2,1,1,2,3,2,2,2,1,1,2,2,1,1,2,1,1,0,1,1,2,5,7,3,4,11,6,7,6,7,4,6,4,9,4,5,8,7,8,11,2,2,5,7,5,2,3,3,3,4,6,5,5,1,4,6,1,2,3,2,3,4,3,3,2,1,1,1,4,1,4,1,2,2,1,2,0,5,4,0,2,0,3,1,1,2,1,1,3,3,0,0,0,2,0,0,0,0,0
113.0,281,0,0,0,0,0,0,0,0,0,0,0,0,0,0,0,0,0,0,0,0,0,0,0,0,0,0,0,0,0,0,0,0,0,0,0,0,0,0,0,0,0,0,0,0,0,0,0,0,0,0,0,0,0,0,0,0,0,8,12,11,10,14,9,8,15,12,8,5,12,8,6,7,8,9,4,9,5,4,2,6,5,3,0,4,3,3,5,4,1,4,2,1,3,3,1,1,1,3,0,1,1,6,4,0,3,0,1,1,2,3,2,0,2,1,0,5,2,0,3,3,1,2,5,2,6,2,5,7,1,8,4,5,7,2,9,9,7,5,10,5,3,4,5,3,3,5,3,8,6,5,1,8,3,5,2,4,2,5,3,4,2,2,8,3,0,1,1,4,1,1,0,1,2,2,1,2,4,2,1,3,5,2,7,3,0,1,1,1,4,0,0,1,1,0,0,1,0,0,0,0
114.0,315,0,0,0,0,0,0,0,0,0,0,0,0,0,0,0,0,0,0,0,0,0,0,0,0,0,0,0,0,0,0,0,0,0,0,0,0,0,0,0,0,0,0,0,0,0,0,0,0,0,0,0,0,0,0,0,1,2,7,6,8,9,13,8,12,14,8,9,6,12,11,10,5,8,3,3,5,5,5,7,3,4,4,2,3,3,4,1,4,2,5,2,1,2,1,2,1,2,2,4,3,0,1,0,1,0,2,2,0,1,2,1,0,3,0,0,1,1,2,1,2,3,1,4,2,5,5,5,4,6,5,4,8,10,5,7,8,5,6,2,4,6,3,4,6,7,2,6,7,5,3,4,6,1,6,1,0,0,6,5,2,2,5,1,4,2,3,3,3,1,5,1,2,6,0,1,2,0,1,2,3,2,2,3,1,3,1,1,0,1,1,1,0,1,1,1,0,0,0,0,0
115.0,272,0,0,0,0,0,0,0,0,0,0,0,0,0,0,0,0,0,0,0,0,0,0,0,0,0,0,0,0,0,0,0,0,0,0,0,0,0,0,0,0,0,0,0,0,0,0,0,0,0,0,0,0,0,0,0,1,3,6,6,6,9,18,11,5,17,10,8,11,2,6,7,11,1,5,5,2,3,8,3,3,3,3,2,2,2,2,3,0,6,3,0,0,1,2,1,0,1,3,1,2,2,2,1,1,2,1,0,3,2,0,1,1,1,1,0,2,1,1,4,4,2,5,2,4,7,3,5,6,7,10,9,8,7,10,9,4,4,6,2,6,12,9,2,4,3,6,7,3,5,7,3,8,4,4,5,2,4,1,2,7,4,5,5,5,2,0,2,2,1,1,0,1,2,1,1,3,3,7,3,4,1,1,7,3,3,4,3,3,1,4,1,3,1,4,1,0,0,0,0,0
116.0,298,0,0,0,0,0,0,0,0,0,0,0,0,0,0,0,0,0,0,0,0,0,0,0,0,0,0,0,0,0,0,0,0,0,0,0,0,0,0,0,0,0,0,0,0,0,0,0,0,0,0,0,0,0,0,0,0,1,5,9,14,11,13,9,10,10,13,6,9,4,8,10,6,3,3,10,7,6,4,3,1,1,2,5,4,3,3,6,1,2,2,0,1,3,3,1,3,4,3,1,1,2,2,1,2,0,0,2,1,1,3,1,1,2,1,1,0,1,1,1,1,2,4,5,5,3,2,8,4,8,3,5,11,5,8,6,9,6,8,7,2,9,10,7,4,4,2,3,2,3,4,5,2,2,3,2,2,2,1,5,6,2,3,4,2,2,2,4,4,3,1,3,1,2,2,2,0,0,3,4,3,7,1,2,3,1,2,0,1,0,1,3,2,3,0,2,2,0,0,0,0
117.0,324,0,0,0,0,0,0,0,0,0,0,0,0,0,0,0,0,0,0,0,0,0,0,0,0,0,0,0,0,0,0,0,0,0,0,0,0,0,0,0,0,0,0,0,0,0,0,0,0,0,0,0,0,0,0,0,0,0,1,9,9,8,10,17,16,6,6,9,6,4,11,5,7,8,1,5,4,5,11,2,4,5,6,1,0,2,2,3,3,0,5,4,1,4,2,3,2,2,2,6,2,2,2,0,2,2,1,1,0,1,3,1,1,0,1,2,0,2,3,0,2,3,2,6,3,6,2,4,3,6,4,11,8,7,6,6,1,6,5,3,4,4,9,4,2,4,1,6,3,4,4,4,4,3,4,2,2,2,2,1,2,1,0,3,7,3,1,0,0,2,4,0,6,2,1,1,2,4,2,2,0,7,6,2,1,3,4,2,4,3,2,1,2,0,0,2,0,0,0,0,0
118.0,296,0,0,0,0,0,0,0,0,0,0,0,0,0,0,0,0,0,0,0,0,0,0,0,0,0,0,0,0,0,0,0,0,0,0,0,0,0,0,0,0,0,0,0,0,0,0,0,0,0,0,0,0,0,0,0,1,1,2,6,6,10,14,11,12,15,8,11,6,8,7,2,6,9,13,2,2,4,2,3,4,3,6,6,1,3,2,2,2,2,3,1,1,3,5,2,1,2,0,0,2,1,6,2,2,1,4,1,1,1,1,1,0,2,2,2,0,1,4,3,2,2,5,5,4,9,1,7,6,7,9,3,9,7,4,3,5,4,9,2,3,6,5,2,4,8,4,6,1,0,4,4,4,2,8,2,7,2,10,4,4,4,6,1,2,2,2,5,1,3,2,1,0,3,3,1,1,1,1,6,2,3,2,1,2,3,3,3,2,3,1,2,1,1,1,0,1,0,0,0,0
119.0,305,0,0,0,0,0,0,0,0,0,0,0,0,0,0,0,0,0,0,0,0,0,0,0,0,0,0,0,0,0,0,0,0,0,0,0,0,0,0,0,0,0,0,0,0,0,0,0,0,0,0,0,0,0,0,0,0,1,3,8,8,13,12,6,6,13,7,5,11,12,8,0,6,12,6,1,5,1,5,2,5,6,3,2,4,3,3,3,2,1,1,5,1,2,1,5,1,2,1,1,1,4,3,2,2,2,2,2,1,1,0,2,2,2,1,0,1,3,0,1,3,2,10,7,4,3,7,3,3,5,4,7,6,10,8,6,4,7,6,4,6,7,4,4,4,2,6,5,7,3,2,6,2,2,4,3,5,2,2,1,5,4,3,2,3,3,4,3,2,3,2,3,1,1,1,3,2,1,0,4,1,0,3,4,3,2,2,0,4,4,3,1,3,2,2,2,0,0,0,0,0
120.0,329,0,0,0,0,0,0,0,0,0,0,0,0,0,0,0,0,0,0,0,0,0,0,0,0,0,0,0,0,0,0,0,0,0,0,0,0,0,0,0,0,0,0,0,0,0,0,0,0,0,0,0,0,0,0,0,1,0,2,8,10,7,8,21,10,7,6,8,7,9,6,2,8,3,3,0,6,2,1,8,1,1,2,2,4,2,4,3,2,1,2,4,0,0,4,5,1,2,1,2,2,1,2,3,3,1,1,0,2,0,1,1,0,3,1,0,1,0,1,2,1,0,5,5,4,5,10,5,9,4,9,5,5,3,7,4,2,7,8,5,6,2,7,2,4,3,4,5,4,3,3,5,7,4,1,2,5,3,4,5,5,4,2,3,2,5,3,0,0,1,2,6,2,2,4,7,1,3,0,2,3,5,2,2,1,1,0,2,4,1,1,8,2,1,3,0,0,0,0,0,0
121.0,314,0,0,0,0,0,0,0,0,0,0,0,0,0,0,0,0,0,0,0,0,0,0,0,0,0,0,0,0,0,0,0,0,0,0,0,0,0,0,0,0,0,0,0,0,0,0,0,0,0,0,0,0,0,0,0,0,1,7,10,5,11,8,9,5,5,10,4,7,13,10,5,9,2,7,4,8,3,3,6,9,3,2,1,2,2,4,2,4,1,2,1,0,1,1,1,1,1,0,2,0,2,2,1,0,1,1,2,2,2,1,2,0,2,0,0,1,1,3,2,2,3,1,5,5,6,5,6,6,8,4,9,6,5,4,9,8,4,3,3,4,6,3,6,7,3,4,4,8,8,4,3,5,2,4,5,4,3,6,5,2,5,0,5,2,1,1,1,2,0,1,5,4,2,6,3,2,1,3,3,2,0,2,1,0,3,4,1,3,4,4,3,3,1,3,2,0,0,0,0,0
122.0,296,0,0,0,0,0,0,0,0,0,0,0,0,0,0,0,0,0,0,0,0,0,0,0,0,0,0,0,0,0,0,0,0,0,0,0,0,0,0,0,0,0,0,0,0,0,0,0,0,0,0,0,0,0,0,0,0,2,2,9,10,12,8,9,9,10,10,6,4,10,6,8,3,7,4,3,3,2,6,4,3,1,2,6,2,2,4,2,2,1,3,3,2,2,3,1,1,2,0,4,0,6,1,2,3,0,1,2,1,2,0,1,0,0,2,0,1,1,0,1,1,5,7,4,5,2,6,6,6,8,6,6,6,8,6,11,5,8,6,3,3,4,1,6,4,4,4,2,5,8,4,4,6,5,5,6,3,3,6,2,4,4,1,5,3,1,3,4,2,5,1,3,1,3,5,2,4,2,0,2,6,4,2,5,2,4,5,1,1,4,0,1,1,1,3,2,2,0,0,0,0
123.0,331,0,0,0,0,0,0,0,0,0,0,0,0,0,0,0,0,0,0,0,0,0,0,0,0,0,0,0,0,0,0,0,0,0,0,0,0,0,0,0,0,0,0,0,0,0,0,0,0,0,0,0,0,0,0,0,0,0,0,3,3,9,6,14,13,8,9,9,7,12,7,5,6,4,5,7,4,4,2,2,1,7,0,6,1,2,1,3,1,3,2,0,2,2,2,3,2,1,1,4,2,2,1,1,3,2,1,1,2,3,1,1,1,3,1,0,2,3,0,2,2,1,3,2,1,4,5,3,2,2,2,7,9,3,2,5,7,7,8,9,6,8,5,3,5,5,5,5,4,10,6,5,5,6,1,3,6,5,3,3,1,1,1,2,4,5,2,1,1,2,3,3,3,2,2,1,5,2,3,7,2,4,3,4,5,2,1,2,3,4,0,1,0,1,0,0,0,0,0,0,0
124.0,368,0,0,0,0,0,0,0,0,0,0,0,0,0,0,0,0,0,0,0,0,0,0,0,0,0,0,0,0,0,0,0,0,0,0,0,0,0,0,0,0,0,0,0,0,0,0,0,0,0,0,0,0,0,0,0,0,0,3,2,6,7,6,12,8,12,6,11,7,9,7,4,2,3,6,2,4,2,4,4,1,9,4,2,1,4,3,0,0,2,3,1,3,1,0,1,1,3,0,4,1,0,0,2,0,0,1,2,1,1,4,1,1,1,3,1,0,1,0,2,0,8,2,5,6,3,5,10,5,3,8,6,5,6,4,4,6,3,8,9,6,1,3,4,6,1,5,3,5,2,3,4,2,4,5,3,8,4,1,1,4,4,7,2,2,1,4,2,1,5,2,2,1,2,1,1,1,3,1,2,4,3,0,2,1,0,2,2,3,1,2,2,1,1,1,0,2,0,0,0,0
125.0,312,0,0,0,0,0,0,0,0,0,0,0,0,0,0,0,0,0,0,0,0,0,0,0,0,0,0,0,0,0,0,0,0,0,0,0,0,0,0,0,0,0,0,0,0,0,0,0,0,0,0,0,0,0,0,0,0,0,1,7,5,9,15,8,8,6,5,5,11,8,10,5,9,5,6,3,8,2,2,6,6,4,9,1,2,1,2,6,2,3,2,3,1,1,2,1,1,2,1,2,2,0,0,1,1,0,0,1,1,3,3,1,2,0,0,1,2,0,2,2,2,2,0,5,4,6,7,5,5,7,2,6,5,7,7,8,5,8,5,8,6,3,4,5,7,8,8,4,5,4,6,3,6,2,2,3,4,2,4,4,3,1,1,4,1,3,3,5,4,0,6,0,0,2,3,4,2,2,3,3,0,3,2,6,1,2,3,3,3,3,3,0,3,2,1,0,0,2,0,0,1
126.0,316,0,0,0,0,0,0,0,0,0,0,0,0,0,0,0,0,0,0,0,0,0,0,0,0,0,0,0,0,0,0,0,0,0,0,0,0,0,0,0,0,0,0,0,0,0,0,0,0,0,0,0,0,0,0,0,2,0,3,5,12,11,10,16,9,11,12,4,7,4,9,7,6,6,3,3,3,1,3,3,4,2,5,2,1,4,2,0,3,1,2,2,3,6,1,2,6,1,3,0,1,2,2,1,2,2,2,0,1,1,0,1,1,1,1,1,0,1,0,3,4,4,3,1,2,11,4,5,2,5,4,4,4,5,4,7,3,3,8,11,8,5,1,7,7,8,2,6,5,5,4,5,5,3,5,5,1,5,2,5,0,4,4,2,1,3,4,3,2,2,2,0,3,6,0,3,5,5,3,4,1,3,2,0,5,3,2,1,1,1,3,0,3,0,2,1,1,0,0,0,0
127.0,360,0,0,0,0,0,0,0,0,0,0,0,0,0,0,0,0,0,0,0,0,0,0,0,0,0,0,0,0,0,0,0,0,0,0,0,0,0,0,0,0,0,0,0,0,0,0,0,0,0,0,0,0,0,0,0,0,0,0,1,3,12,13,18,12,8,13,11,5,10,3,6,3,3,2,7,4,5,3,1,3,1,4,0,1,1,5,2,5,2,2,3,3,0,2,1,3,1,1,4,2,3,0,1,2,2,1,0,2,3,0,0,1,0,2,2,1,0,1,2,1,3,2,5,5,5,3,5,5,3,5,5,6,7,4,4,3,6,3,4,5,3,3,6,9,5,3,3,10,2,2,1,6,4,3,6,2,2,7,2,2,1,1,3,3,3,4,2,2,4,4,5,3,2,1,2,1,1,1,1,2,2,2,4,3,1,0,1,1,1,3,1,2,1,1,1,0,0,0,0,0
128.0,342,0,0,0,0,0,0,0,0,0,0,0,0,0,0,0,0,0,0,0,0,0,0,0,0,0,0,0,0,0,0,0,0,0,0,0,0,0,0,0,0,0,0,0,0,0,0,0,0,0,0,0,0,0,0,0,0,0,1,2,6,7,9,13,15,8,13,6,12,8,4,9,1,7,4,5,1,4,6,0,2,4,3,5,1,1,4,4,2,4,2,1,2,3,1,4,1,2,3,2,3,1,1,3,1,0,2,1,3,1,0,3,2,2,3,0,1,0,1,1,2,2,2,2,6,7,5,1,3,6,7,4,2,7,5,1,14,7,6,7,4,7,6,3,6,9,6,5,1,3,2,1,5,5,3,4,4,4,0,1,4,3,1,2,7,8,2,0,0,4,3,3,4,1,2,0,1,1,0,1,2,1,2,3,1,1,2,1,2,2,3,3,1,2,1,0,0,0,0,0,0
129.0,343,0,0,0,0,0,0,0,0,0,0,0,0,0,0,0,0,0,0,0,0,0,0,0,0,0,0,0,0,0,0,0,0,0,0,0,0,0,0,0,0,0,0,0,0,0,0,0,0,0,0,0,0,0,0,0,0,0,3,3,6,9,15,14,14,12,11,5,7,11,8,6,5,7,6,3,2,3,4,3,1,4,0,3,0,2,3,3,2,0,0,0,2,2,1,4,1,1,1,2,1,4,2,0,0,1,3,1,2,0,0,1,1,1,2,2,2,1,0,1,3,1,2,2,4,5,5,4,6,4,6,7,3,4,7,5,6,8,6,5,1,8,8,2,7,1,3,4,5,2,3,2,4,3,2,3,5,4,2,3,5,4,5,3,2,4,3,0,4,2,2,4,1,0,4,0,1,2,0,2,8,2,2,4,0,5,4,1,3,1,0,2,2,4,3,1,0,0,0,0,0
130.0,364,0,0,0,0,0,0,0,0,0,0,0,0,0,0,0,0,0,0,0,0,0,0,0,0,0,0,0,0,0,0,0,0,0,0,0,0,0,0,0,0,0,0,0,0,0,0,0,0,0,0,0,0,0,0,0,0,0,0,0,12,10,12,19,13,11,7,8,7,9,7,13,4,0,6,5,3,0,5,2,1,4,2,3,4,2,2,3,3,1,2,1,3,3,5,1,1,1,0,0,2,1,3,0,0,2,0,1,4,0,1,1,2,3,2,1,1,0,4,1,1,2,4,2,2,1,7,6,11,6,5,4,7,5,1,6,3,4,1,7,5,3,3,6,8,7,3,5,2,4,3,5,1,2,3,2,4,1,3,4,1,3,4,1,1,2,4,1,2,4,2,5,2,2,0,3,0,0,2,3,2,1,1,3,0,2,2,2,1,2,0,2,3,0,1,0,0,0,1,0,0
131.0,357,0,0,0,0,0,0,0,0,0,0,0,0,0,0,0,0,0,0,0,0,0,0,0,0,0,0,0,0,0,0,0,0,0,0,0,0,0,0,0,0,0,0,0,0,0,0,0,0,0,0,0,0,0,0,0,0,0,0,1,9,8,5,10,10,7,11,9,7,6,6,8,4,8,6,6,2,7,2,2,6,6,3,3,2,3,1,1,0,1,3,2,2,0,2,2,0,3,0,1,4,3,3,1,2,0,2,1,2,0,0,2,1,1,0,2,2,2,2,0,1,2,2,4,2,4,5,4,2,5,4,4,4,3,5,6,2,5,10,6,5,2,6,2,8,0,6,4,4,10,0,5,1,4,4,6,6,6,2,2,1,1,3,1,3,6,1,4,1,3,2,2,6,0,3,1,2,3,2,4,2,0,2,2,3,0,5,2,3,1,2,5,4,1,3,1,1,1,0,0,0
132.0,351,0,0,0,0,0,0,0,0,0,0,0,0,0,0,0,0,0,0,0,0,0,0,0,0,0,0,0,0,0,0,0,0,0,0,0,0,0,0,0,0,0,0,0,0,0,0,0,0,0,0,0,0,0,0,0,0,1,1,2,6,7,8,10,8,9,8,9,9,11,10,6,7,5,4,4,2,3,2,1,3,4,3,3,2,1,3,5,1,1,2,3,4,0,3,1,1,2,3,2,1,5,0,0,0,0,1,5,1,4,1,2,2,0,1,3,1,1,3,1,1,0,3,0,3,4,1,8,4,5,5,4,5,5,4,2,5,8,7,5,5,6,5,5,2,2,4,3,5,3,4,4,3,1,1,0,3,3,3,4,3,4,3,4,1,4,7,3,6,4,2,2,1,5,3,4,2,1,3,2,2,4,0,7,4,6,2,3,3,0,5,0,2,0,1,1,0,0,0,0,0
133.0,358,0,0,0,0,0,0,0,0,0,0,0,0,0,0,0,0,0,0,0,0,0,0,0,0,0,0,0,0,0,0,0,0,0,0,0,0,0,0,0,0,0,0,0,0,0,0,0,0,0,0,0,0,0,0,0,0,0,1,5,9,13,12,12,11,8,7,11,5,2,17,6,7,6,5,8,3,0,1,7,4,3,8,1,4,4,2,5,1,1,2,3,3,3,4,2,1,1,1,1,1,2,0,1,1,1,0,1,0,1,0,0,0,1,1,3,2,0,2,1,0,3,2,4,1,2,2,2,6,4,3,2,1,9,6,6,9,2,5,3,3,6,2,1,3,7,2,3,3,3,6,2,1,3,3,5,2,3,4,3,5,4,9,2,2,1,1,3,3,6,3,4,3,5,0,2,4,2,0,1,2,1,2,2,2,0,1,2,3,1,1,4,5,1,1,1,0,0,0,0,0
134.0,369,0,0,0,0,0,0,0,0,0,0,0,0,0,0,0,0,0,0,0,0,0,0,0,0,0,0,0,0,0,0,0,0,0,0,0,0,0,0,0,0,0,0,0,0,0,0,0,0,0,0,0,0,0,0,0,0,0,0,4,15,9,10,12,13,8,21,12,5,14,7,3,5,8,5,8,1,3,9,5,1,2,4,3,3,1,2,4,2,1,2,3,3,2,0,0,5,2,1,2,1,2,2,1,0,2,0,1,2,3,0,1,0,1,2,1,0,0,0,3,3,1,3,5,4,2,3,0,1,5,3,3,2,4,3,0,1,2,5,4,2,4,4,4,5,3,3,3,8,2,0,1,3,1,5,2,4,1,3,3,3,3,2,2,2,6,2,0,3,4,4,4,0,6,2,2,3,1,3,1,0,3,0,2,0,3,2,1,1,4,3,4,4,2,1,1,2,0,0,0,0
135.0,358,0,0,0,0,0,0,0,0,0,0,0,0,0,0,0,0,0,0,0,0,0,0,0,0,0,0,0,0,0,0,0,0,0,0,0,0,0,0,0,0,0,0,0,0,0,0,0,0,0,0,0,0,0,0,0,0,1,4,13,3,5,9,9,7,9,13,11,8,4,5,4,3,6,5,5,4,6,4,6,1,4,1,2,5,3,0,3,2,2,4,4,0,0,1,0,0,1,4,0,2,2,3,2,2,4,1,0,0,2,0,0,1,0,0,1,1,0,2,2,1,3,1,3,3,6,7,1,11,7,4,5,3,6,6,6,5,0,3,4,2,6,4,4,8,1,4,6,4,3,2,1,4,2,1,3,4,5,3,4,7,3,3,5,2,1,5,2,1,4,1,3,3,6,1,4,0,2,3,5,4,4,2,2,2,1,5,1,1,2,1,2,1,1,0,1,0,1,0,0,0
136.0,360,0,0,0,0,0,0,0,0,0,0,0,0,0,0,0,0,0,0,0,0,0,0,0,0,0,0,0,0,0,0,0,0,0,0,0,0,0,0,0,0,0,0,0,0,0,0,0,0,0,0,0,0,0,0,0,0,2,4,9,12,4,11,13,5,12,9,7,8,6,11,7,5,6,5,7,2,7,1,4,5,6,5,6,0,1,2,2,2,2,3,1,3,1,1,0,1,3,1,2,2,1,2,1,1,1,0,1,1,2,1,1,1,0,0,1,0,1,0,1,2,0,1,3,3,8,1,3,3,9,5,5,2,2,5,4,9,6,6,2,7,2,5,7,5,7,2,2,2,4,2,3,4,1,1,2,8,3,2,1,4,3,2,4,3,2,5,1,0,1,2,3,1,1,2,0,5,1,0,5,1,0,5,4,2,3,1,7,2,2,2,1,3,1,1,0,1,0,0,0,0
137.0,363,0,0,0,0,0,0,0,0,0,0,0,0,0,0,0,0,0,0,0,0,0,0,0,0,0,0,0,0,0,0,0,0,0,0,0,0,0,0,0,0,0,0,0,0,0,0,0,0,0,0,0,0,0,0,0,0,1,1,6,16,7,9,21,11,8,8,12,5,7,11,4,7,8,7,6,4,3,2,3,4,3,4,3,5,4,2,4,2,0,3,1,1,3,1,2,2,0,3,0,1,0,2,3,0,3,0,1,1,2,0,0,0,1,0,2,2,0,1,1,0,1,2,4,1,2,4,1,4,4,4,6,4,1,5,2,6,5,6,4,3,7,8,2,4,3,6,1,4,4,9,7,3,1,1,3,4,3,1,1,2,2,2,2,0,1,2,2,4,2,3,5,5,3,2,4,0,2,1,1,1,3,3,2,3,3,2,2,2,4,2,0,1,1,0,0,0,0,0,0,0
138.0,376,0,0,0,0,0,0,0,0,0,0,0,0,0,0,0,0,0,0,0,0,0,0,0,0,0,0,0,0,0,0,0,0,0,0,0,0,0,0,0,0,0,0,0,0,0,0,0,0,0,0,0,0,0,0,0,0,0,1,8,7,8,15,12,4,13,8,10,10,3,6,8,3,4,5,3,3,3,7,6,3,10,4,0,5,2,8,4,3,3,1,1,1,2,5,1,2,1,1,3,3,0,1,0,0,2,3,1,0,0,0,1,1,0,3,0,0,0,0,2,2,2,3,5,3,3,3,5,3,5,6,2,5,7,4,2,5,2,4,5,3,3,4,5,4,4,5,1,2,3,2,3,4,2,1,1,4,0,3,1,1,4,3,3,2,4,2,3,4,2,2,2,2,1,3,2,1,3,3,2,2,1,3,3,3,0,4,0,2,2,1,1,6,0,2,0,2,0,0,0,0
139.0,355,0,0,0,0,0,0,0,0,0,0,0,0,0,0,0,0,0,0,0,0,0,0,0,0,0,0,0,0,0,0,0,0,0,0,0,0,0,0,0,0,0,0,0,0,0,0,0,0,0,0,0,0,0,0,0,0,0,1,6,7,13,10,13,9,12,8,12,11,9,13,5,4,5,6,7,4,2,5,4,2,1,6,0,4,4,3,1,3,1,0,4,3,1,1,3,1,3,0,0,2,3,1,0,2,0,1,0,0,1,2,2,0,0,2,1,2,0,3,1,1,1,3,0,3,5,7,2,5,5,5,4,6,3,4,7,6,5,5,2,2,2,6,3,5,6,6,1,5,4,6,2,1,4,4,1,4,6,1,5,1,4,3,1,2,1,2,1,3,1,3,5,0,2,5,1,3,2,6,3,1,1,1,2,2,2,2,2,4,1,0,1,0,1,3,2,0,0,0,0,0
140.0,350,0,0,0,0,0,0,0,0,0,0,0,0,0,0,0,0,0,0,0,0,0,0,0,0,0,0,0,0,0,0,0,0,0,0,0,0,0,0,0,0,0,0,0,0,0,0,0,0,0,0,0,0,0,0,0,1,3,1,15,9,6,7,19,15,8,18,8,8,10,9,5,2,6,10,3,4,6,4,5,4,6,1,3,2,3,2,2,2,0,5,2,4,0,2,3,3,1,0,2,4,3,1,1,2,1,1,4,2,1,2,0,0,0,3,1,1,2,0,2,0,1,4,2,4,5,5,3,3,4,3,6,6,3,1,5,5,4,9,2,6,3,4,3,4,5,4,4,4,5,0,4,4,3,1,3,4,1,1,2,3,2,0,2,2,3,1,2,1,3,2,1,4,1,2,2,2,0,2,2,1,3,4,1,1,3,5,3,1,0,0,0,1,2,0,0,0,0,0,0,0
141.0,363,0,0,0,0,0,0,0,0,0,0,0,0,0,0,0,0,0,0,0,0,0,0,0,0,0,0,0,0,0,0,0,0,0,0,0,0,0,0,0,0,0,0,0,0,0,0,0,0,0,0,0,0,0,0,0,0,0,0,5,5,7,17,16,12,13,6,8,9,4,3,4,5,7,9,8,7,4,7,7,2,2,3,2,1,0,3,3,3,2,4,0,1,1,3,4,2,1,0,1,2,1,3,0,1,1,4,3,0,0,1,0,1,2,1,0,1,1,1,0,0,3,0,2,3,2,3,5,3,3,7,6,7,4,7,4,5,2,6,5,5,6,3,6,4,9,2,3,3,1,6,5,3,1,1,5,3,2,3,4,1,4,4,2,3,3,3,5,2,5,4,3,3,1,3,1,3,0,1,0,2,1,1,1,2,1,3,1,1,4,1,0,1,0,2,1,0,0,0,0,0
142.0,351,0,0,0,0,0,0,0,0,0,0,0,0,0,0,0,0,0,0,0,0,0,0,0,0,0,0,0,0,0,0,0,0,0,0,0,0,0,0,0,0,0,0,0,0,0,0,0,0,0,0,0,0,0,0,0,0,0,1,6,8,6,13,15,12,10,14,13,8,9,4,8,10,10,11,7,2,7,2,7,2,2,4,4,3,4,3,1,3,2,0,2,2,2,1,1,1,3,1,2,1,3,0,0,0,3,2,2,0,1,1,0,0,1,1,3,0,1,2,1,1,3,2,5,0,6,3,3,5,6,1,4,7,8,8,8,6,7,1,2,4,2,3,2,0,2,5,1,4,3,1,2,4,3,1,1,2,1,4,3,1,2,5,1,2,5,4,2,2,4,4,3,3,1,0,1,1,2,1,1,2,2,1,4,2,3,2,3,1,3,2,0,3,4,1,0,0,1,0,0,0
143.0,347,0,0,0,0,0,0,0,0,0,0,0,0,0,0,0,0,0,0,0,0,0,0,0,0,0,0,0,0,0,0,0,0,0,0,0,0,0,0,0,0,0,0,0,0,0,0,0,0,0,0,0,0,0,0,0,0,0,1,5,16,1,10,19,17,9,14,10,10,5,9,8,7,7,4,4,2,9,5,1,3,1,5,3,1,3,0,4,1,2,4,1,2,4,1,2,5,2,1,2,3,1,1,1,3,1,1,2,0,0,1,1,2,1,1,1,0,1,3,0,0,3,1,1,2,2,5,4,6,9,8,3,2,2,6,4,7,9,4,3,2,3,5,5,4,4,7,2,1,3,4,3,3,1,3,2,4,4,2,4,3,1,5,3,4,2,2,1,2,2,3,5,2,2,2,1,3,1,2,4,3,3,2,2,0,2,3,0,1,0,1,0,2,4,1,0,0,0,0,0,0
144.0,389,0,0,0,0,0,0,0,0,0,0,0,0,0,0,0,0,0,0,0,0,0,0,0,0,0,0,0,0,0,0,0,0,0,0,0,0,0,0,0,0,0,0,0,0,0,0,0,0,0,0,0,0,0,0,0,0,1,2,5,8,10,8,17,13,13,12,8,7,10,11,7,5,5,6,6,1,5,10,7,0,2,3,4,2,2,2,3,1,3,3,3,3,1,2,1,1,1,3,1,1,1,0,1,0,1,4,0,2,1,1,2,0,0,0,0,0,0,1,0,1,1,1,0,3,2,2,5,5,6,2,5,6,4,3,5,7,6,2,1,6,4,5,5,2,1,3,3,3,3,3,2,1,3,1,1,6,2,1,1,2,2,2,3,1,1,1,2,1,1,2,2,9,2,2,1,2,2,2,2,1,4,2,2,0,1,2,2,3,1,2,1,1,1,1,0,1,0,0,0,0
145.0,349,0,0,0,0,0,0,0,0,0,0,0,0,0,0,0,0,0,0,0,0,0,0,0,0,0,0,0,0,0,0,0,0,0,0,0,0,0,0,0,0,0,0,0,0,0,0,0,0,0,0,0,0,0,0,0,0,1,8,7,9,7,15,10,10,5,13,19,3,10,5,9,2,9,9,2,7,2,5,5,4,5,3,3,6,1,2,5,1,5,2,1,1,2,2,2,2,1,1,0,2,3,1,1,2,1,0,3,2,1,5,2,1,1,0,0,2,2,0,1,0,3,2,1,6,2,1,1,1,1,4,7,3,6,3,4,6,4,5,4,6,7,4,6,3,6,4,5,3,1,7,4,2,2,3,4,5,0,0,2,8,2,1,4,5,3,1,0,5,1,2,3,0,2,1,0,2,2,2,2,4,2,1,2,3,1,0,2,1,4,0,4,1,0,0,2,1,0,0,0,0
146.0,350,0,0,0,0,0,0,0,0,0,0,0,0,0,0,0,0,0,0,0,0,0,0,0,0,0,0,0,0,0,0,0,0,0,0,0,0,0,0,0,0,0,0,0,0,0,0,0,0,0,0,0,0,0,0,0,0,0,1,7,6,15,12,16,11,8,12,12,16,9,7,8,2,4,10,6,6,6,2,5,5,3,3,2,3,5,2,3,3,4,1,2,4,3,2,3,0,1,1,0,1,3,0,0,1,2,1,2,1,0,0,0,1,2,1,1,0,0,3,0,1,1,1,8,2,3,4,3,1,6,2,5,3,6,5,3,8,4,4,6,6,3,3,1,8,3,6,1,4,3,4,2,3,2,5,0,3,1,1,1,3,1,3,1,4,2,3,3,0,2,1,3,1,5,5,3,3,3,1,1,5,2,2,4,4,2,1,4,1,1,0,0,1,0,0,1,0,0,0,0,0
147.0,342,0,0,0,0,0,0,0,0,0,0,0,0,0,0,0,0,0,0,0,0,0,0,0,0,0,0,0,0,0,0,0,0,0,0,0,0,0,0,0,0,0,0,0,0,0,0,0,0,0,0,0,0,0,0,0,0,2,4,3,10,9,10,11,13,20,18,12,7,8,9,6,5,8,4,5,2,7,1,5,4,7,4,4,2,1,0,3,1,3,2,6,1,2,2,2,3,0,1,0,2,0,0,3,1,3,0,2,1,0,0,0,0,0,1,0,0,0,1,1,2,3,1,0,3,2,4,7,6,7,3,5,2,7,5,2,9,8,4,5,4,5,2,6,5,5,4,10,2,5,1,5,5,2,2,3,0,1,5,5,3,3,4,0,4,2,4,2,1,2,2,2,0,3,0,0,0,0,5,4,2,2,2,3,2,3,2,1,1,3,1,0,1,0,0,0,1,1,0,0,0
148.0,324,0,0,0,0,0,0,0,0,0,0,0,0,0,0,0,0,0,0,0,0,0,0,0,0,0,0,0,0,0,0,0,0,0,0,0,0,0,0,0,0,0,0,0,0,0,0,0,0,0,0,0,0,0,0,0,0,0,1,5,9,18,12,13,11,12,14,12,8,18,9,3,7,6,8,4,4,8,7,0,4,4,3,6,3,2,7,7,4,1,3,1,2,4,2,3,2,2,1,0,2,0,3,2,4,0,1,2,1,1,3,2,0,4,1,2,1,1,1,4,2,0,4,6,2,2,3,2,6,6,8,4,6,2,4,3,3,6,6,7,4,5,6,5,2,4,8,3,0,5,6,1,2,1,1,4,3,1,4,2,2,1,2,1,4,2,3,4,1,2,0,2,2,3,2,1,0,1,2,1,1,0,1,3,1,1,0,2,2,1,1,0,0,2,2,0,0,1,0,0,0
149.0,360,0,0,0,0,0,0,0,0,0,0,0,0,0,0,0,0,0,0,0,0,0,0,0,0,0,0,0,0,0,0,0,0,0,0,0,0,0,0,0,0,0,0,0,0,0,0,0,0,0,0,0,0,0,0,0,0,0,3,6,12,12,16,13,7,9,12,10,10,13,6,8,8,11,5,7,5,10,4,2,1,5,2,2,2,2,10,2,2,2,3,3,1,0,1,0,2,4,0,3,5,1,1,0,1,3,1,2,2,0,2,0,1,1,1,1,0,0,2,4,0,2,4,7,2,0,3,2,2,3,3,5,6,6,3,4,4,5,1,6,6,4,2,6,2,1,5,4,5,4,4,3,3,3,1,3,6,1,3,1,2,2,1,3,0,2,0,2,3,1,1,5,0,1,3,4,0,0,3,3,2,1,1,3,0,2,0,0,3,1,1,1,1,0,1,0,0,0,0,0,0
150.0,350,0,0,0,0,0,0,0,0,0,0,0,0,0,0,0,0,0,0,0,0,0,0,0,0,0,0,0,0,0,0,0,0,0,0,0,0,0,0,0,0,0,0,0,0,0,0,0,0,0,0,0,0,0,0,0,0,0,0,4,10,14,12,20,12,14,17,8,7,9,10,7,10,4,6,6,2,3,5,1,5,3,6,1,0,0,4,3,3,0,4,3,2,1,0,4,3,0,1,2,1,0,0,0,1,5,1,0,1,2,2,3,0,0,0,1,1,1,1,0,2,1,2,3,6,3,3,8,3,7,2,7,5,4,4,4,3,4,5,5,5,2,9,5,5,2,4,5,1,2,6,2,2,3,3,3,0,3,1,2,3,4,2,1,2,2,2,7,1,3,2,1,2,2,1,4,1,2,2,1,2,3,1,0,1,4,0,1,3,5,1,2,0,2,0,0,0,0,0,0,0
151.0,356,0,0,0,0,0,0,0,0,0,0,0,0,0,0,0,0,0,0,0,0,0,0,0,0,0,0,0,0,0,0,0,0,0,0,0,0,0,0,0,0,0,0,0,0,0,0,0,0,0,0,0,0,0,0,0,0,0,1,4,11,11,14,17,11,17,12,10,7,8,7,4,7,10,12,6,7,8,4,1,5,6,9,0,6,0,2,4,0,5,3,3,2,3,2,0,0,1,2,0,1,1,1,1,3,2,0,0,0,1,2,0,1,0,1,1,0,2,0,0,4,4,5,5,1,6,7,4,1,2,5,9,3,3,1,3,2,5,2,6,7,4,4,6,4,3,2,5,7,0,3,2,1,4,0,2,3,2,3,4,3,4,0,2,1,2,0,2,4,0,2,1,4,1,0,2,0,2,2,0,2,0,1,3,1,1,4,1,2,0,2,0,1,2,0,0,1,0,0,0,0
152.0,291,0,0,0,0,0,0,0,0,0,0,0,0,0,0,0,0,0,0,0,0,0,0,0,0,0,0,0,0,0,0,0,0,0,0,0,0,0,0,0,0,0,0,0,0,0,0,0,0,0,0,0,0,0,0,0,0,0,0,11,8,8,10,24,25,16,13,12,9,12,10,12,9,7,6,8,7,9,6,5,7,7,4,2,3,3,3,4,0,2,1,2,2,2,2,1,1,1,0,1,3,3,0,1,1,3,2,2,2,2,1,0,1,0,1,0,0,1,1,3,2,3,1,3,2,2,5,3,1,11,7,3,7,5,3,2,6,2,6,4,5,4,4,4,4,4,6,2,5,3,3,3,5,3,2,3,3,3,1,3,3,1,3,1,2,3,2,2,5,5,0,1,2,3,4,1,3,4,2,4,2,1,2,0,0,1,1,1,3,2,0,2,2,0,2,1,0,0,0,0,0
153.0,299,0,0,0,0,0,0,0,0,0,0,0,0,0,0,0,0,0,0,0,0,0,0,0,0,0,0,0,0,0,0,0,0,0,0,0,0,0,0,0,0,0,0,0,0,0,0,0,0,0,0,0,0,0,0,0,0,2,3,8,6,12,14,14,21,22,6,6,12,9,10,7,11,12,13,5,5,3,7,4,6,9,5,2,4,3,3,5,0,5,3,2,1,0,4,2,1,4,0,2,0,1,0,0,2,1,3,2,1,1,0,1,1,0,0,3,0,0,1,0,6,2,4,5,2,1,6,2,1,4,5,4,3,2,6,7,5,5,5,6,3,5,5,0,5,2,5,7,5,7,3,3,2,5,3,4,5,4,3,3,2,3,1,1,1,2,1,1,1,2,4,3,1,0,2,3,1,2,1,1,2,1,3,4,2,3,3,1,1,4,1,2,1,0,0,2,0,0,0,0,0
154.0,336,0,0,0,0,0,0,0,0,0,0,0,0,0,0,0,0,0,0,0,0,0,0,0,0,0,0,0,0,0,0,0,0,0,0,0,0,0,0,0,0,0,0,0,0,0,0,0,0,0,0,0,0,0,0,0,0,0,3,7,9,11,21,9,11,9,13,10,5,8,10,7,10,5,4,5,3,4,5,1,2,5,4,1,5,4,6,2,5,2,5,3,2,1,4,2,1,2,0,0,3,2,0,1,1,2,0,0,1,1,1,1,0,0,4,0,0,1,0,2,1,1,2,2,1,7,4,5,7,3,6,2,7,4,11,4,8,5,3,7,6,4,4,1,5,3,4,2,2,2,3,3,4,4,2,1,1,4,2,1,0,1,4,4,5,2,4,3,5,3,2,1,0,1,3,7,3,2,2,0,2,1,1,1,0,3,3,5,0,2,1,2,2,4,0,2,1,0,0,0,0
155.0,304,0,0,0,0,0,0,0,0,0,0,0,0,0,0,0,0,0,0,0,0,0,0,0,0,0,0,0,0,0,0,0,0,0,0,0,0,0,0,0,0,0,0,0,0,0,0,0,0,0,0,0,0,0,0,0,0,1,1,7,10,13,16,16,8,12,10,8,9,8,9,7,11,8,6,5,7,6,3,6,2,5,3,1,2,7,2,3,5,2,3,4,0,3,4,3,2,0,4,1,2,1,1,1,0,4,1,1,2,0,1,2,3,2,2,1,1,1,1,0,4,1,4,2,2,3,9,6,5,3,3,2,7,4,9,5,8,4,5,4,5,5,3,9,7,4,4,4,2,9,3,0,4,3,2,2,2,1,2,4,0,2,6,0,2,1,0,2,2,4,3,3,1,1,4,2,1,4,1,4,1,3,3,2,2,3,4,1,3,1,1,0,2,2,0,2,0,0,0,0,0
156.0,327,0,0,0,0,0,0,0,0,0,0,0,0,0,0,0,0,0,0,0,0,0,0,0,0,0,0,0,0,0,0,0,0,0,0,0,0,0,0,0,0,0,0,0,0,0,0,0,0,0,0,0,0,0,0,0,0,0,3,7,9,8,13,17,12,7,13,13,6,5,8,8,4,5,6,2,3,3,3,2,7,4,1,3,2,2,4,3,2,3,1,2,3,1,3,0,1,0,1,0,3,3,3,4,3,2,2,5,0,0,0,4,1,1,4,0,0,2,0,0,3,3,3,3,5,3,3,7,6,3,7,4,8,8,6,8,4,6,5,4,11,4,5,5,3,4,2,7,3,10,6,4,3,2,4,2,1,3,4,4,3,1,2,3,1,2,4,6,3,3,4,1,3,3,0,1,0,2,0,1,1,1,1,2,0,4,1,1,1,0,4,0,0,2,0,0,1,0,0,0,0
157.0,301,0,0,0,0,0,0,0,0,0,0,0,0,0,0,0,0,0,0,0,0,0,0,0,0,0,0,0,0,0,0,0,0,0,0,0,0,0,0,0,0,0,0,0,0,0,0,0,0,0,0,0,0,0,0,0,0,1,10,6,8,13,17,15,11,15,10,15,9,6,10,6,6,8,6,4,5,7,5,6,6,5,4,3,3,0,5,3,0,4,2,4,1,1,2,2,1,2,2,1,2,0,0,1,1,4,0,3,0,2,2,0,3,0,1,0,3,4,2,1,1,4,5,0,5,3,4,5,4,6,5,9,5,3,10,8,5,5,4,5,4,7,3,3,6,6,7,6,2,2,2,4,4,5,3,3,3,2,2,3,0,2,3,3,2,1,4,4,1,2,5,1,2,2,3,0,0,2,5,1,2,1,0,1,1,2,1,0,2,1,3,0,0,0,0,1,1,0,0,0,0
158.0,272,0,0,0,0,0,0,0,0,0,0,0,0,0,0,0,0,0,0,0,0,0,0,0,0,0,0,0,0,0,0,0,0,0,0,0,0,0,0,0,0,0,0,0,0,0,0,0,0,0,0,0,0,0,0,0,1,8,8,12,14,15,14,16,10,15,12,4,10,12,8,5,5,6,10,2,4,7,4,2,4,5,3,7,1,2,5,7,5,4,3,4,1,2,1,1,4,2,1,2,0,1,1,2,0,2,2,1,2,2,1,1,0,0,0,3,0,3,1,3,5,3,5,6,3,1,5,5,6,5,12,9,3,4,4,3,5,5,8,3,5,6,7,5,1,6,8,7,2,3,3,3,1,1,5,3,3,1,5,2,2,3,2,3,1,3,2,1,2,3,2,2,2,1,3,2,2,2,3,2,3,1,3,1,1,6,4,1,0,1,2,1,0,1,1,1,0,0,0,0,0
159.0,303,0,0,0,0,0,0,0,0,0,0,0,0,0,0,0,0,0,0,0,0,0,0,0,0,0,0,0,0,0,0,0,0,0,0,0,0,0,0,0,0,0,0,0,0,0,0,0,0,0,0,0,0,0,0,0,0,2,11,9,12,9,18,16,4,13,11,8,7,13,6,4,7,5,5,3,2,5,7,3,5,8,5,2,4,2,4,2,6,1,2,3,0,1,2,1,1,2,1,1,4,2,1,0,1,3,1,2,0,2,2,1,2,1,1,2,5,2,3,3,0,2,3,6,2,7,4,2,4,6,9,8,3,8,5,4,0,8,2,3,3,5,3,3,3,6,5,4,3,2,7,1,4,3,3,4,6,3,1,5,4,1,4,1,5,3,1,2,3,1,2,5,3,0,4,4,4,1,2,1,4,2,2,1,2,1,1,3,0,1,4,2,2,2,0,0,0,0,0,0,0
160.0,328,0,0,0,0,0,0,0,0,0,0,0,0,0,0,0,0,0,0,0,0,0,0,0,0,0,0,0,0,0,0,0,0,0,0,0,0,0,0,0,0,0,0,0,0,0,0,0,0,0,0,0,0,0,0,0,1,0,8,11,12,10,12,9,7,12,9,4,2,16,11,5,7,8,8,9,6,9,4,1,3,5,2,6,4,1,2,3,0,3,4,3,2,1,0,2,3,0,1,0,0,1,5,0,2,2,3,1,1,1,0,1,1,0,4,2,1,2,0,1,1,3,2,3,7,8,6,7,5,6,6,7,6,2,7,6,4,4,5,2,7,4,4,3,5,4,2,6,3,3,3,3,1,4,5,3,2,1,0,4,1,2,0,4,3,2,4,2,0,3,1,3,4,0,1,1,1,3,0,1,2,3,2,3,2,1,4,3,3,3,2,0,0,1,0,1,0,0,0,0,0
161.0,326,0,0,0,0,0,0,0,0,0,0,0,0,0,0,0,0,0,0,0,0,0,0,0,0,0,0,0,0,0,0,0,0,0,0,0,0,0,0,0,0,0,0,0,0,0,0,0,0,0,0,0,0,0,0,0,2,1,3,3,10,15,15,10,9,11,11,4,5,13,13,8,10,9,6,5,2,9,12,3,6,5,4,0,4,1,5,1,2,1,2,3,2,2,4,0,1,1,1,0,3,0,0,1,0,0,3,1,0,0,1,2,1,2,3,2,0,0,0,0,2,1,2,2,1,2,6,6,7,3,7,6,5,8,6,5,2,5,10,2,3,4,5,5,9,2,4,4,4,7,3,5,4,3,4,1,5,0,6,7,2,3,2,2,2,1,2,5,5,2,5,2,1,3,2,1,0,3,1,1,1,1,1,3,1,1,1,2,0,2,0,0,1,0,0,1,0,0,0,0,0
162.0,318,0,0,0,0,0,0,0,0,0,0,0,0,0,0,0,0,0,0,0,0,0,0,0,0,0,0,0,0,0,0,0,0,0,0,0,0,0,0,0,0,0,0,0,0,0,0,0,0,0,0,0,0,0,0,0,0,0,3,4,9,14,19,11,20,12,6,11,8,5,8,7,5,7,7,4,2,6,7,0,3,7,6,6,3,1,3,3,3,1,5,4,2,1,4,2,1,1,1,4,0,1,2,2,4,1,0,1,2,1,1,0,0,2,1,0,1,4,2,0,4,0,4,4,2,6,5,8,4,4,6,7,1,3,7,5,6,6,2,5,3,9,3,6,4,1,2,7,6,3,4,1,2,6,3,4,3,1,5,6,5,4,4,4,1,0,4,2,1,3,0,6,2,2,0,4,0,1,2,1,2,0,0,0,4,4,2,0,2,0,2,0,0,1,1,1,0,0,0,0,0
163.0,342,0,0,0,0,0,0,0,0,0,0,0,0,0,0,0,0,0,0,0,0,0,0,0,0,0,0,0,0,0,0,0,0,0,0,0,0,0,0,0,0,0,0,0,0,0,0,0,0,0,0,0,0,0,0,0,0,1,5,11,4,9,15,17,11,14,6,7,9,11,7,2,6,5,4,6,8,1,3,4,5,4,7,1,3,8,4,2,4,3,3,1,0,4,2,2,1,2,2,2,1,4,0,1,1,1,0,2,0,2,1,1,0,1,1,0,1,0,3,1,2,2,2,4,1,5,6,9,5,4,4,9,5,2,8,3,5,4,7,6,2,4,3,6,4,4,4,3,5,5,4,4,5,4,0,6,3,3,6,2,2,0,3,2,1,0,1,3,1,3,4,0,3,1,3,2,2,2,1,2,2,2,1,1,3,0,1,0,1,1,1,3,1,0,0,0,0,0,0,0,0
164.0,325,0,0,0,0,0,0,0,0,0,0,0,0,0,0,0,0,0,0,0,0,0,0,0,0,0,0,0,0,0,0,0,0,0,0,0,0,0,0,0,0,0,0,0,0,0,0,0,0,0,0,0,0,0,0,0,1,0,3,5,9,3,9,11,17,14,9,10,12,9,4,10,9,5,3,3,1,3,2,4,4,4,8,2,1,1,3,3,3,1,3,4,0,2,2,1,1,0,2,1,0,2,1,3,2,4,3,0,2,1,1,1,0,1,3,1,1,2,0,2,2,5,5,5,3,7,5,10,7,5,7,5,4,4,5,4,3,11,7,6,6,9,6,2,2,2,4,1,0,5,6,3,1,1,5,5,3,4,3,2,4,3,2,3,6,4,3,3,1,1,5,1,2,1,0,0,2,1,0,2,2,0,1,0,3,2,4,1,2,4,4,2,2,0,1,2,1,0,0,0,0
165.0,325,0,0,0,0,0,0,0,0,0,0,0,0,0,0,0,0,0,0,0,0,0,0,0,0,0,0,0,0,0,0,0,0,0,0,0,0,0,0,0,0,0,0,0,0,0,0,0,0,0,0,0,0,0,0,0,0,1,4,7,6,5,10,13,11,9,14,5,9,10,6,3,5,7,4,4,6,4,1,5,4,3,4,5,2,4,3,2,3,3,2,3,2,1,3,1,5,2,1,3,2,0,0,1,2,1,1,1,1,2,3,1,0,3,0,0,2,1,2,1,2,4,4,10,4,7,9,5,7,2,4,9,7,5,6,9,11,7,5,1,4,4,6,6,5,3,6,1,4,6,5,3,4,3,0,1,6,4,1,0,2,4,1,2,2,1,1,3,5,0,3,1,4,1,1,1,0,1,2,4,2,3,1,3,2,3,1,1,3,2,0,1,4,0,0,1,1,1,0,0,0
166.0,267,0,0,0,0,0,0,0,0,0,0,0,0,0,0,0,0,0,0,0,0,0,0,0,0,0,0,0,0,0,0,0,0,0,0,0,0,0,0,0,0,0,0,0,0,0,0,0,0,0,0,0,0,0,0,0,0,1,7,5,12,10,17,13,9,9,12,11,15,13,6,8,5,7,4,5,11,8,5,4,6,3,6,0,2,3,1,1,2,0,2,0,2,3,5,2,2,1,2,2,0,3,4,2,1,1,0,0,1,1,0,0,0,1,0,0,1,0,2,1,4,3,2,3,7,3,3,9,3,2,6,8,6,4,5,6,10,6,10,3,1,3,8,1,5,5,3,9,2,6,8,4,2,6,3,4,7,2,6,1,3,2,3,5,2,3,3,6,2,4,3,3,3,0,5,4,2,4,5,3,0,3,1,2,4,3,3,1,2,1,2,1,2,4,0,2,0,0,0,0,0
167.0,312,0,0,0,0,0,0,0,0,0,0,0,0,0,0,0,0,0,0,0,0,0,0,0,0,0,0,0,0,0,0,0,0,0,0,0,0,0,0,0,0,0,0,0,0,0,0,0,0,0,0,0,0,0,0,0,0,1,2,4,11,14,16,17,10,11,6,13,3,13,12,8,10,10,10,5,9,5,1,6,2,8,3,3,6,4,2,2,0,0,2,0,4,1,1,3,2,1,0,1,0,0,1,0,1,3,0,1,1,2,3,1,3,1,1,2,0,1,0,0,4,4,0,4,6,6,4,0,6,4,3,6,3,2,3,5,6,2,14,3,7,3,3,4,6,2,10,3,7,9,2,4,5,3,2,4,4,4,4,2,2,1,5,1,4,3,1,4,1,0,1,2,1,3,2,3,1,2,3,3,1,1,2,1,0,0,2,1,5,3,1,0,1,1,1,1,0,0,0,0,0
168.0,312,0,0,0,0,0,0,0,0,0,0,0,0,0,0,0,0,0,0,0,0,0,0,0,0,0,0,0,0,0,0,0,0,0,0,0,0,0,0,0,0,0,0,0,0,0,0,0,0,0,0,0,0,0,0,0,0,0,0,5,7,11,16,13,6,9,17,13,8,5,5,3,5,3,6,4,7,4,0,4,1,9,5,5,1,5,2,2,0,3,1,1,3,1,1,2,0,1,2,3,2,0,2,1,2,2,2,3,2,3,1,3,1,3,0,0,1,1,1,0,2,6,4,2,5,6,8,8,3,6,3,1,10,7,8,11,4,4,5,4,10,4,3,4,7,3,6,5,7,3,5,3,4,4,5,2,0,2,3,4,4,1,3,1,3,2,5,6,3,2,2,3,4,1,1,2,2,2,2,0,3,2,3,4,3,2,0,2,2,1,0,2,1,3,1,2,0,0,0,0,0
169.0,337,0,0,0,0,0,0,0,0,0,0,0,0,0,0,0,0,0,0,0,0,0,0,0,0,0,0,0,0,0,0,0,0,0,0,0,0,0,0,0,0,0,0,0,0,0,0,0,0,0,0,0,0,0,0,0,0,0,3,5,15,9,5,15,9,11,13,9,7,7,6,7,4,3,4,3,6,1,4,2,1,3,4,2,6,2,2,2,2,1,3,4,1,1,4,1,3,2,2,2,2,0,3,3,0,2,1,0,2,1,0,2,2,2,1,0,2,3,2,4,1,3,1,4,5,6,5,8,4,6,4,1,3,7,6,6,5,6,6,3,9,0,5,6,4,5,1,2,5,5,3,3,3,4,4,2,0,4,3,3,5,4,4,2,2,3,4,3,4,3,1,4,1,3,1,2,2,1,1,2,0,3,5,2,4,2,1,0,4,0,3,4,1,2,1,0,1,0,1,0,0
170.0,325,0,0,0,0,0,0,0,0,0,0,0,0,0,0,0,0,0,0,0,0,0,0,0,0,0,0,0,0,0,0,0,0,0,0,0,0,0,0,0,0,0,0,0,0,0,0,0,0,0,0,0,0,0,0,0,0,1,3,5,8,8,9,4,6,16,6,12,6,14,9,4,3,4,4,6,2,4,3,4,5,2,1,3,2,8,4,6,1,3,6,2,2,1,0,1,2,0,0,3,0,4,1,4,1,1,0,1,3,2,0,1,1,0,0,0,0,2,0,3,4,2,2,4,5,8,5,7,6,5,4,6,8,5,9,8,7,6,4,2,8,2,6,8,6,3,5,2,6,3,1,6,3,2,2,5,3,1,2,3,3,1,3,1,1,4,1,3,4,1,6,3,0,4,2,7,1,0,4,1,2,2,2,8,6,1,3,1,1,2,1,1,2,2,0,2,0,0,0,0,0
171.0,289,0,0,0,0,0,0,0,0,0,0,0,0,0,0,0,0,0,0,0,0,0,0,0,0,0,0,0,0,0,0,0,0,0,0,0,0,0,0,0,0,0,0,0,0,0,0,0,0,0,0,0,0,0,0,1,0,1,8,14,7,14,18,9,8,9,13,7,11,9,11,5,9,9,9,6,1,7,4,2,1,6,6,2,1,5,5,1,3,2,3,3,1,2,3,1,2,1,4,1,2,5,3,1,0,1,1,0,0,0,1,1,0,1,2,0,1,4,1,2,3,3,5,5,4,6,4,5,10,8,2,7,5,4,2,4,4,3,5,3,8,5,3,2,5,9,0,4,6,3,4,2,2,4,4,4,4,2,5,5,2,6,5,1,4,2,0,4,1,2,2,4,1,1,2,0,2,3,2,1,2,2,3,3,3,4,3,2,2,5,3,0,0,0,0,1,1,0,0,0,0
172.0,324,0,0,0,0,0,0,0,0,0,0,0,0,0,0,0,0,0,0,0,0,0,0,0,0,0,0,0,0,0,0,0,0,0,0,0,0,0,0,0,0,0,0,0,0,0,0,0,0,0,0,0,0,0,0,0,0,2,0,6,16,9,8,14,8,10,11,6,7,8,5,7,5,3,6,5,2,5,4,2,7,6,2,5,4,3,6,4,2,1,2,1,2,1,2,1,1,0,4,1,1,2,1,0,1,1,1,0,0,1,2,0,0,2,0,1,0,1,1,0,6,3,4,7,8,3,8,6,4,3,9,3,6,8,7,5,8,4,3,8,4,4,1,2,6,2,5,0,5,3,3,3,4,3,4,2,6,5,3,2,4,4,1,6,4,3,4,2,2,3,4,2,2,2,1,3,0,7,0,2,3,2,1,2,2,5,5,0,3,1,3,0,3,3,0,0,0,0,0,0,0
173.0,301,0,0,0,0,0,0,0,0,0,0,0,0,0,0,0,0,0,0,0,0,0,0,0,0,0,0,0,0,0,0,0,0,0,0,0,0,0,0,0,0,0,0,0,0,0,0,0,0,0,0,0,0,0,0,0,0,2,3,8,10,10,12,10,14,9,9,5,10,8,9,9,4,7,6,3,3,7,2,2,4,8,3,1,1,1,2,1,3,2,2,4,4,1,2,2,0,0,1,3,2,2,3,0,2,2,2,4,2,2,3,1,2,2,1,1,1,0,2,3,4,3,3,5,4,4,4,5,1,6,4,9,5,9,4,7,2,5,2,9,4,6,6,5,4,3,6,6,6,5,5,2,4,3,4,3,2,2,2,2,5,5,5,4,1,4,3,1,2,0,4,3,2,1,1,3,1,2,2,3,2,1,1,2,2,4,2,4,2,5,4,2,2,3,2,1,1,0,0,0,0
174.0,297,0,0,0,0,0,0,0,0,0,0,0,0,0,0,0,0,0,0,0,0,0,0,0,0,0,0,0,0,0,0,0,0,0,0,0,0,0,0,0,0,0,0,0,0,0,0,0,0,0,0,0,0,0,0,0,2,2,4,12,8,11,12,10,12,9,9,10,9,7,5,4,5,8,3,3,10,3,3,4,2,3,3,4,1,2,6,1,5,5,1,2,3,0,3,0,2,1,2,1,1,2,2,2,2,2,2,1,4,0,2,5,3,1,2,0,0,2,2,0,1,0,4,3,6,2,5,7,2,8,6,5,3,9,7,5,6,6,3,7,8,5,3,6,5,3,5,7,1,1,5,2,2,3,3,2,3,2,6,5,5,3,3,4,4,1,5,3,0,3,3,1,1,2,3,4,2,5,3,4,2,4,4,4,1,2,1,3,3,2,1,4,3,2,0,0,0,1,0,0,0
175.0,306,0,0,0,0,0,0,0,0,0,0,0,0,0,0,0,0,0,0,0,0,0,0,0,0,0,0,0,0,0,0,0,0,0,0,0,0,0,0,0,0,0,0,0,0,0,0,0,0,0,0,0,0,0,0,0,2,3,6,6,12,8,12,6,3,11,13,9,11,2,10,7,6,6,9,6,2,0,4,3,2,4,1,3,2,4,3,4,1,2,0,4,3,2,2,2,2,0,0,1,0,1,0,2,3,2,2,0,0,1,2,1,1,1,1,1,1,1,2,2,1,2,2,9,4,5,5,7,6,4,7,4,8,6,7,9,8,4,5,0,4,6,4,2,4,5,3,5,4,6,2,4,4,3,5,5,5,5,3,2,3,5,3,2,2,5,5,2,0,4,3,1,2,2,0,4,3,3,4,5,1,0,3,2,2,3,4,5,4,1,2,8,3,2,1,0,0,0,0,0,0
176.0,347,0,0,0,0,0,0,0,0,0,0,0,0,0,0,0,0,0,0,0,0,0,0,0,0,0,0,0,0,0,0,0,0,0,0,0,0,0,0,0,0,0,0,0,0,0,0,0,0,0,0,0,0,0,0,0,1,1,1,5,11,10,4,15,8,11,9,11,7,7,4,7,2,6,7,5,7,3,2,6,5,3,6,3,5,1,4,3,3,1,2,2,1,1,2,2,0,1,1,5,1,1,1,0,1,1,0,2,5,2,1,0,3,2,0,1,0,2,0,0,0,1,1,6,3,7,1,1,7,3,3,5,4,8,5,4,5,6,3,8,7,4,3,4,6,7,6,3,4,1,4,2,4,0,3,1,5,1,6,1,5,3,4,3,2,4,4,1,2,2,2,3,0,2,1,2,0,0,4,0,1,3,6,3,8,3,3,4,0,1,2,2,4,2,1,1,0,0,0,0,0
177.0,340,0,0,0,0,0,0,0,0,0,0,0,0,0,0,0,0,0,0,0,0,0,0,0,0,0,0,0,0,0,0,0,0,0,0,0,0,0,0,0,0,0,0,0,0,0,0,0,0,0,0,0,0,0,0,0,0,0,3,3,8,8,8,18,2,5,9,4,11,11,11,5,4,5,5,2,6,2,4,6,8,2,3,2,1,1,3,1,3,0,3,3,2,1,2,4,0,2,2,1,1,1,1,1,0,1,1,0,1,0,2,0,0,2,2,1,2,1,0,1,2,5,4,4,6,5,5,6,5,1,7,3,6,5,5,3,6,7,4,7,2,6,3,5,7,4,5,5,6,7,7,6,6,2,6,5,1,3,2,3,2,2,5,2,1,2,2,0,6,3,3,3,0,2,4,4,3,1,2,4,4,4,2,1,1,2,1,0,3,4,4,1,2,2,1,0,0,0,0,0,0
178.0,312,0,0,0,0,0,0,0,0,0,0,0,0,0,0,0,0,0,0,0,0,0,0,0,0,0,0,0,0,0,0,0,0,0,0,0,0,0,0,0,0,0,0,0,0,0,0,0,0,0,0,0,0,0,0,0,0,0,2,5,8,6,9,6,12,8,13,8,8,7,10,5,3,7,13,1,4,4,5,0,2,1,7,6,5,2,1,5,1,5,1,2,1,3,3,1,0,2,4,2,3,1,2,1,1,1,1,0,1,2,0,2,1,1,1,2,0,2,4,1,1,2,3,4,6,2,5,6,9,5,3,6,7,7,7,4,8,8,6,4,3,3,7,2,4,7,4,1,3,4,1,6,3,0,5,5,4,6,4,3,6,5,5,3,3,7,2,6,1,0,2,6,3,3,2,1,2,2,1,2,4,3,0,4,4,0,3,1,1,2,3,1,3,0,2,2,2,0,0,0,0
179.0,301,0,0,0,0,0,0,0,0,0,0,0,0,0,0,0,0,0,0,0,0,0,0,0,0,0,0,0,0,0,0,0,0,0,0,0,0,0,0,0,0,0,0,0,0,0,0,0,0,0,0,0,0,0,0,0,0,1,1,5,10,16,12,13,13,11,9,7,7,6,6,7,7,7,4,2,3,6,6,5,3,9,5,7,4,1,2,6,3,4,3,3,1,2,1,1,0,2,1,4,1,3,1,1,2,1,1,1,2,2,4,2,1,0,3,0,2,0,0,3,3,2,2,4,2,5,7,4,4,3,9,4,8,6,5,6,3,2,4,2,5,5,7,3,4,5,4,2,5,3,4,3,1,4,2,9,3,2,5,1,5,6,6,4,1,1,7,3,2,3,4,3,1,0,4,0,3,1,3,2,4,0,3,3,1,1,2,3,2,1,5,4,2,1,1,0,1,0,0,0,0
180.0,344,0,0,0,0,0,0,0,0,0,0,0,0,0,0,0,0,0,0,0,0,0,0,0,0,0,0,0,0,0,0,0,0,0,0,0,0,0,0,0,0,0,0,0,0,0,0,0,0,0,0,0,0,0,0,2,0,0,2,9,10,11,10,14,3,8,11,6,7,6,5,4,3,4,4,2,6,2,3,2,2,3,2,2,0,3,7,0,4,3,3,2,1,1,1,5,2,0,2,1,3,1,1,5,2,1,2,0,2,1,0,2,1,0,1,1,1,0,2,3,2,3,2,5,3,6,3,6,3,5,2,7,8,5,2,5,4,4,6,5,5,6,7,4,6,2,11,2,5,5,3,3,5,0,6,1,3,2,2,5,2,2,3,5,5,2,5,3,2,4,3,4,4,4,2,0,4,3,2,3,2,2,6,3,1,1,0,1,2,0,2,1,5,2,1,0,0,1,0,0,0
181.0,311,0,0,0,0,0,0,0,0,0,0,0,0,0,0,0,0,0,0,0,0,0,0,0,0,0,0,0,0,0,0,0,0,0,0,0,0,0,0,0,0,0,0,0,0,0,0,0,0,0,0,0,0,0,0,0,0,1,1,4,15,13,19,13,11,15,13,8,4,5,11,6,4,10,8,6,4,7,8,3,2,3,6,6,5,3,3,2,5,1,0,1,1,1,4,0,2,1,0,0,1,2,1,2,0,1,1,0,1,1,1,2,0,2,0,2,1,0,4,0,1,0,1,3,4,10,6,6,3,9,7,4,2,3,4,3,5,3,3,10,5,6,3,4,6,5,1,6,5,9,3,3,3,2,1,2,2,2,2,4,2,7,1,3,6,0,2,4,1,2,2,3,4,0,2,4,1,5,3,4,0,3,3,0,0,0,1,5,2,1,4,5,0,2,0,0,1,0,0,0,0
182.0,371,0,0,0,0,0,0,0,0,0,0,0,0,0,0,0,0,0,0,0,0,0,0,0,0,0,0,0,0,0,0,0,0,0,0,0,0,0,0,0,0,0,0,0,0,0,0,0,0,0,0,0,0,0,0,0,0,1,4,6,11,10,12,10,9,6,9,11,6,4,7,6,4,4,6,4,2,4,4,4,3,0,2,3,3,4,4,3,1,3,1,5,2,3,3,1,1,4,0,4,3,0,1,1,0,2,0,1,2,2,1,2,1,3,2,2,1,3,0,6,0,4,2,3,3,4,5,3,5,2,6,4,5,5,1,3,3,6,5,4,5,5,4,0,4,2,4,6,7,4,5,2,2,0,2,1,6,4,0,1,4,3,5,2,2,2,2,1,5,3,0,0,4,1,2,2,0,4,1,2,1,2,1,3,2,2,1,4,3,3,3,2,2,1,0,1,0,1,0,0,0
183.0,372,0,0,0,0,0,0,0,0,0,0,0,0,0,0,0,0,0,0,0,0,0,0,0,0,0,0,0,0,0,0,0,0,0,0,0,0,0,0,0,0,0,0,0,0,0,0,0,0,0,0,0,0,0,0,0,0,1,1,6,6,4,13,18,10,17,7,6,6,5,10,3,1,3,3,6,4,6,8,1,2,2,3,4,2,0,4,5,2,2,2,3,3,4,0,2,5,1,3,1,0,2,0,1,3,5,0,1,0,0,2,0,0,0,2,0,0,2,1,2,5,4,8,4,4,4,2,2,3,5,6,4,6,5,4,2,4,4,1,2,0,4,5,2,5,3,4,4,6,4,4,1,0,4,4,2,4,4,3,3,3,3,2,1,6,1,2,3,4,4,1,0,4,4,1,1,1,3,2,1,3,4,2,0,1,3,2,4,4,2,1,1,2,1,1,0,0,1,0,0,0
184.0,311,0,0,0,0,0,0,0,0,0,0,0,0,0,0,0,0,0,0,0,0,0,0,0,0,0,0,0,0,0,0,0,0,0,0,0,0,0,0,0,0,0,0,0,0,0,0,0,0,0,0,0,0,0,0,0,0,1,2,4,11,4,7,10,5,14,9,15,10,4,10,7,6,7,3,7,2,7,6,7,0,7,3,2,4,4,3,1,2,3,5,2,0,1,1,0,1,5,1,6,3,0,1,0,0,3,1,3,0,1,2,0,0,1,1,0,1,0,1,1,0,5,1,3,2,4,4,5,1,5,9,2,3,8,2,7,6,6,10,4,6,4,4,3,9,6,3,5,2,6,7,6,3,2,3,6,3,4,3,4,2,6,3,3,4,5,0,2,2,1,2,1,3,3,3,5,5,1,1,2,3,2,3,3,1,6,4,4,6,1,1,2,2,3,1,1,0,0,0,0,0
185.0,348,0,0,0,0,0,0,0,0,0,0,0,0,0,0,0,0,0,0,0,0,0,0,0,0,0,0,0,0,0,0,0,0,0,0,0,0,0,0,0,0,0,0,0,0,0,0,0,0,0,0,0,0,0,0,0,0,0,2,2,5,8,4,10,15,9,15,15,7,2,7,9,7,9,10,4,4,6,3,5,3,0,3,0,1,1,3,3,3,4,2,2,2,4,3,2,3,3,0,0,5,1,0,1,0,1,3,0,1,0,1,1,2,2,0,0,1,0,0,3,2,0,4,1,1,8,4,4,4,5,6,8,6,3,2,5,7,3,5,9,4,3,4,3,1,3,4,7,5,2,7,3,2,6,1,2,3,3,2,5,0,5,6,2,2,5,3,3,3,2,4,3,0,3,0,3,2,3,1,6,2,2,1,2,3,1,4,3,0,1,5,2,0,2,0,1,0,0,0,0,0
186.0,359,0,0,0,0,0,0,0,0,0,0,0,0,0,0,0,0,0,0,0,0,0,0,0,0,0,0,0,0,0,0,0,0,0,0,0,0,0,0,0,0,0,0,0,0,0,0,0,0,0,0,0,0,0,0,0,0,0,3,2,6,7,12,9,11,13,10,10,7,12,6,7,6,7,4,4,5,5,5,5,2,3,5,2,3,2,0,7,4,3,1,1,4,1,1,3,4,2,2,1,1,2,2,1,0,1,1,2,1,0,1,0,2,0,2,4,0,0,2,0,2,2,2,2,2,4,0,4,6,3,7,5,5,6,5,3,2,2,7,4,4,1,5,6,3,5,8,6,2,6,1,2,1,1,1,2,6,3,3,3,9,5,2,0,5,7,5,2,2,0,1,0,1,1,1,2,1,2,3,0,0,2,2,4,5,3,0,1,4,1,4,1,1,2,1,0,2,0,0,0,0
187.0,361,0,0,0,0,0,0,0,0,0,0,0,0,0,0,0,0,0,0,0,0,0,0,0,0,0,0,0,0,0,0,0,0,0,0,0,0,0,0,0,0,0,0,0,0,0,0,0,0,0,0,0,0,0,0,0,0,1,1,1,9,7,6,14,11,9,11,13,5,15,8,4,6,8,7,6,1,5,6,4,3,5,4,2,2,4,3,2,3,3,2,3,2,1,3,2,1,3,2,1,3,2,0,0,2,0,1,1,1,3,0,3,2,0,1,0,0,0,1,1,2,1,2,2,0,1,3,7,2,1,6,7,3,2,2,4,4,2,1,4,3,5,6,9,4,7,3,4,3,5,2,4,3,0,4,3,3,1,4,0,2,3,2,2,4,4,3,2,1,1,3,5,1,1,4,2,2,5,4,3,4,2,0,3,1,1,0,4,1,5,2,3,4,1,4,1,2,0,0,0,0
188.0,355,0,0,0,0,0,0,0,0,0,0,0,0,0,0,0,0,0,0,0,0,0,0,0,0,0,0,0,0,0,0,0,0,0,0,0,0,0,0,0,0,0,0,0,0,0,0,0,0,0,0,0,0,0,0,0,0,0,1,0,2,6,9,9,10,16,10,9,7,14,14,5,8,11,8,5,4,5,4,2,3,2,6,10,1,3,2,5,5,4,0,2,1,4,3,3,4,1,4,0,5,0,2,1,3,2,2,2,1,3,0,1,1,1,0,0,0,0,0,1,0,3,3,2,5,4,4,3,0,1,7,5,2,5,2,2,5,7,5,4,2,4,1,4,9,5,6,3,0,3,2,1,4,5,6,5,2,2,3,2,2,2,2,1,2,0,3,5,1,4,1,3,2,0,0,2,5,2,5,1,3,1,2,2,3,0,3,2,3,2,2,1,0,3,1,1,0,0,0,0,0
189.0,411,0,0,0,0,0,0,0,0,0,0,0,0,0,0,0,0,0,0,0,0,0,0,0,0,0,0,0,0,0,0,0,0,0,0,0,0,0,0,0,0,0,0,0,0,0,0,0,0,0,0,0,0,0,0,0,0,0,0,0,7,3,5,9,17,7,9,9,14,11,6,9,3,6,4,6,5,3,6,1,1,0,2,1,1,4,7,1,0,3,1,1,3,2,1,2,4,0,2,0,1,0,1,1,3,0,0,3,0,1,2,1,0,2,0,3,2,0,0,3,0,1,3,1,4,4,5,3,0,10,4,3,2,6,7,4,4,1,7,7,4,2,5,7,3,4,4,9,4,3,1,1,4,3,5,3,2,2,0,2,5,4,4,2,2,3,5,1,2,1,1,2,4,1,3,2,1,0,0,0,3,1,0,2,1,1,1,0,3,1,0,0,0,1,0,1,0,0,0,0,0
190.0,343,0,0,0,0,0,0,0,0,0,0,0,0,0,0,0,0,0,0,0,0,0,0,0,0,0,0,0,0,0,0,0,0,0,0,0,0,0,0,0,0,0,0,0,0,0,0,0,0,0,0,0,0,0,0,0,0,0,0,5,3,12,6,9,20,13,8,13,13,4,14,2,3,7,7,4,2,2,5,3,7,1,7,3,4,4,3,4,2,1,1,1,1,2,0,1,1,4,2,1,1,0,2,1,1,2,1,0,2,1,0,1,1,0,1,0,0,2,1,2,2,2,1,3,0,6,2,7,1,5,4,4,6,5,3,6,6,6,8,3,7,5,3,8,10,6,2,3,6,4,2,3,3,4,3,8,3,6,4,3,1,3,3,2,2,1,3,2,1,1,1,3,1,0,1,1,4,4,4,2,4,1,1,3,5,3,1,1,3,2,1,1,3,0,1,1,0,1,0,0,0
191.0,355,0,0,0,0,0,0,0,0,0,0,0,0,0,0,0,0,0,0,0,0,0,0,0,0,0,0,0,0,0,0,0,0,0,0,0,0,0,0,0,0,0,0,0,0,0,0,0,0,0,0,0,0,0,0,0,0,0,0,3,12,5,10,12,5,5,16,7,10,8,7,13,4,7,11,3,5,5,4,3,2,1,4,4,4,4,6,6,5,3,4,3,5,3,2,1,1,2,1,1,1,0,1,0,0,0,1,0,0,0,3,2,2,0,0,1,0,0,5,0,0,0,0,4,2,6,4,3,3,3,7,1,4,3,3,3,9,6,3,3,11,2,2,6,4,4,3,6,3,3,5,5,1,2,3,4,3,1,0,1,8,3,5,3,2,2,5,1,2,4,5,2,1,3,1,3,1,6,1,2,3,4,3,0,0,1,2,1,5,2,0,3,1,1,2,0,0,0,0,0,0
192.0,347,0,0,0,0,0,0,0,0,0,0,0,0,0,0,0,0,0,0,0,0,0,0,0,0,0,0,0,0,0,0,0,0,0,0,0,0,0,0,0,0,0,0,0,0,0,0,0,0,0,0,0,0,0,0,0,0,0,1,3,6,8,7,14,9,14,13,13,8,13,7,8,5,4,10,4,5,7,4,4,5,5,5,5,1,3,3,3,4,1,0,1,1,2,1,1,3,3,2,4,1,0,1,2,0,2,0,0,3,1,1,3,0,1,1,1,0,0,0,1,1,3,4,3,3,1,5,6,3,2,6,5,4,6,6,2,9,1,2,2,2,4,1,5,8,2,3,3,6,3,3,6,8,3,3,7,3,1,3,2,0,6,2,2,1,4,4,4,2,4,1,3,2,4,3,0,2,1,5,2,1,2,2,4,4,0,2,1,1,2,1,1,0,1,1,2,0,0,0,0,0
193.0,344,0,0,0,0,0,0,0,0,0,0,0,0,0,0,0,0,0,0,0,0,0,0,0,0,0,0,0,0,0,0,0,0,0,0,0,0,0,0,0,0,0,0,0,0,0,0,0,0,0,0,0,0,0,0,0,0,1,1,6,12,12,10,4,9,10,12,12,13,10,5,3,6,11,8,5,4,7,5,5,1,2,4,1,0,1,4,2,1,2,1,2,2,1,1,2,3,2,2,3,2,2,2,1,3,2,0,1,1,0,2,2,2,1,0,2,2,0,0,3,0,4,5,2,4,3,3,3,7,5,4,4,2,4,4,5,2,3,4,6,7,2,2,6,5,2,3,2,4,4,4,2,5,2,7,5,6,2,2,4,1,2,1,5,1,0,4,4,1,5,2,4,1,1,0,1,6,3,7,1,1,2,4,6,3,1,4,0,5,1,0,2,0,0,1,2,0,0,0,0,0
194.0,329,0,0,0,0,0,0,0,0,0,0,0,0,0,0,0,0,0,0,0,0,0,0,0,0,0,0,0,0,0,0,0,0,0,0,0,0,0,0,0,0,0,0,0,0,0,0,0,0,0,0,0,0,0,0,0,0,0,0,9,13,11,8,25,11,6,4,10,5,10,18,10,11,6,4,5,5,5,4,4,2,0,5,6,3,1,2,4,3,2,4,2,1,0,1,2,0,2,2,1,0,4,1,1,0,3,2,1,1,1,0,1,1,1,0,3,0,4,3,0,2,2,4,5,3,2,3,10,7,6,1,3,7,5,2,2,5,2,6,4,6,4,6,5,7,2,3,4,2,3,1,3,4,2,3,1,3,5,3,0,2,4,1,2,3,0,4,1,1,3,2,3,3,4,6,1,1,2,2,1,0,2,4,0,3,4,1,2,0,1,4,2,5,4,2,0,0,1,0,0,0
195.0,340,0,0,0,0,0,0,0,0,0,0,0,0,0,0,0,0,0,0,0,0,0,0,0,0,0,0,0,0,0,0,0,0,0,0,0,0,0,0,0,0,0,0,0,0,0,0,0,0,0,0,0,0,0,0,0,0,0,2,6,7,9,13,11,7,6,9,15,4,6,10,10,6,8,7,3,2,7,8,8,3,4,4,0,2,4,2,6,1,4,2,2,1,1,1,3,1,1,1,1,3,0,1,0,1,2,1,0,1,2,1,1,3,0,1,0,2,1,2,2,1,1,4,2,3,3,3,9,4,5,5,7,4,3,5,7,1,6,6,3,5,3,4,4,4,2,4,5,4,5,3,4,4,7,6,2,5,1,5,2,5,6,6,0,4,2,3,0,2,5,1,1,5,3,1,1,1,2,4,3,2,2,3,1,0,0,1,2,3,3,0,0,3,1,2,1,0,0,0,0,0
