,r,id,dist,initial,passes,residence_time,insertion_step,avg_r_dist,burnup,integrated_flux_pebbles_thermal,integrated_flux_pebbles_thermal_unc,integrated_flux_pebbles_thermal_rel_unc,integrated_flux_pebbles_fast,integrated_flux_pebbles_fast_unc,integrated_flux_pebbles_fast_rel_unc,integrated_power_pebbles,integrated_power_pebbles_unc,integrated_power_pebbles_rel_unc,922350,922380,942390,942410,541350,551370,discard_step
399,3.0,16671,48.48827946120032,1,1,64.8,0,24.83551263677373,80.25579145036893,1.6029708407295037e+20,3.0586276449776814e+18,0.01908099366040692,8.084765926039183e+19,2.311756947552299e+18,0.028593987367112984,3715383166.900175,236613061.07320064,0.06368469965121042,0.0037110411349717868,0.019211696731764188,3.0215403248979125e-05,3.14854332943016e-08,1.4710213687346622e-08,1.4636618362411719e-05,6
827,3.0,8394,68.83736748518973,1,1,64.8,0,44.72143434535741,76.76297608655916,1.3552654424976007e+20,2.823349132211719e+18,0.020832443915994835,6.822845432171314e+19,2.0969770952738104e+18,0.0307346416699706,3207773173.005055,222222852.03545016,0.06927636090530394,0.0037500346060895247,0.01921798389831065,2.4676938628949815e-05,1.2551855860582735e-08,1.515030409703052e-08,1.2644111627166487e-05,6
946,3.0,9635,62.026609192241544,1,1,64.8,0,40.89387313844496,77.32036310232787,1.3496872404969557e+20,2.847270314360036e+18,0.021095778554679593,6.629115258382782e+19,2.0145381946329969e+18,0.030389246771438054,3258137883.9262753,219506033.778768,0.06737162195058745,0.003745879289134205,0.019215992248035687,2.6547185749090037e-05,2.270132836527945e-08,6.0325189554162685e-09,1.2836957294026166e-05,6
972,3.0,11697,53.10734991249973,1,1,64.8,0,36.80722435694334,77.82086402609318,1.2569917196151379e+20,2.6294854905380905e+18,0.020918876787375966,6.340922036594465e+19,1.8822134867245594e+18,0.02968359295165604,3039257268.052669,205786265.6826763,0.06770939329349006,0.0037618884389265693,0.01921854302605551,2.4469401394182e-05,3.118497772830757e-08,2.6666245463694086e-09,1.1976972079573139e-05,6
1049,3.0,5401,80.46972012523018,1,1,64.8,0,42.02995525132854,75.44678864655604,1.2990873154943653e+20,2.78012627514246e+18,0.021400611352166796,5.5088669039394824e+19,1.8555894259383926e+18,0.03368368592480297,3250268812.0177293,221400542.61726224,0.06811760978004135,0.003746654301922152,0.019222416564553875,2.0701288653062343e-05,6.111399053597605e-09,1.0877373626343562e-08,1.2801233787936513e-05,6
1471,3.0,15620,47.66027172069272,1,1,64.8,0,27.36414739636177,75.58216356443737,1.5033475119162553e+20,2.888966066346581e+18,0.019216887934740617,7.647717617093825e+19,2.1900696571626038e+18,0.028636905372492586,3709814396.5713243,235490168.4674295,0.06347761459038857,0.00371255386268631,0.019210002803643014,3.177820579387404e-05,5.638641139827142e-08,8.571775614150776e-09,1.4609220342584656e-05,6
1474,3.0,17173,49.3538012210952,1,1,64.8,0,22.731857672780336,79.23263699888093,1.6352520313829114e+20,3.129889284667616e+18,0.01914010332719605,7.947737136044415e+19,2.2266013225537917e+18,0.028015538063730805,3887997142.25869,240900307.0340322,0.06196000105444619,0.003698471029629773,0.01921298211646566,2.8694229125606018e-05,5.8911678590055686e-08,1.3400637587759089e-08,1.529428942991513e-05,6
1848,3.0,11732,54.05484708905301,1,1,64.8,0,39.633235750929956,78.57498289946409,1.32033437484419e+20,2.778560768108612e+18,0.021044371948859577,6.6284017241589645e+19,2.0272733476137856e+18,0.03058464818486863,3256993906.7545323,217766966.9822894,0.06686133693117213,0.0037451178697555385,0.01921888471951118,2.4006995912355774e-05,9.908042862251564e-09,6.220210064655538e-09,1.284212404127249e-05,6
2122,3.0,11213,57.14379527190255,1,1,64.8,0,39.43855328197869,79.30724742946927,1.367842371979413e+20,2.819147994254647e+18,0.020610181787065425,6.540285094177426e+19,1.9930859475219878e+18,0.030473991864610896,3232184179.5486393,213417268.22808608,0.06602880788120462,0.0037481569852184067,0.01921781561332054,2.5068577709674713e-05,1.8897193194913536e-08,4.421142270841184e-09,1.273242295864506e-05,6
3166,3.0,15504,52.08088372063859,1,1,64.8,0,31.836465451106545,79.14791596261854,1.5433655336420973e+20,3.028360240915898e+18,0.019621795193063882,7.727752589625123e+19,2.207675673512784e+18,0.02856814640360891,3765874763.583768,235042618.31799915,0.062413816994360834,0.0037076929915859707,0.01921469092636995,2.7494215410051e-05,5.356759982297543e-08,7.797932976808024e-09,1.481899465469016e-05,6
3451,3.0,3401,93.14502746154511,1,1,64.8,0,41.27235564255159,76.08806992987378,1.196543428658275e+20,2.5279917729339443e+18,0.021127455238032337,3.7133737687772865e+19,1.4659672861668232e+18,0.03947804281090526,3123015161.883898,206965051.44853824,0.06627090831146994,0.0037569627357091997,0.01922802325808797,1.5749675488434428e-05,1.0185242365750722e-08,2.3213941745904985e-09,1.2284359768444183e-05,6
3539,3.0,9005,66.66364117940266,1,1,64.8,0,39.71586350849079,79.01837425874434,1.1920281671019376e+20,2.5678377168529137e+18,0.021541753691071315,5.696931529951168e+19,1.8005782206009188e+18,0.03160610604383291,2907551899.2508183,195206624.3347805,0.06713779533396426,0.0037728786156210176,0.019222844098985184,2.0378860392333372e-05,2.3124789985254284e-08,4.061285019722462e-16,1.1463604052069982e-05,6
4584,3.0,10105,61.41931116998603,1,1,64.8,0,38.96149790601226,77.29457634254439,1.2157177618672586e+20,2.5709871855415547e+18,0.021147895228516657,6.1142720340867965e+19,1.9029215136393298e+18,0.03112261775450334,2932620845.3575506,202252103.8679855,0.06896633234676695,0.0037702452987455207,0.01921949750753715,2.362334768005454e-05,1.2322129735849943e-08,1.3813248739916044e-09,1.1561136417249274e-05,6
4838,3.0,12507,48.91123521247057,1,1,64.8,0,34.61189945652703,72.30076599775477,1.252987570086847e+20,2.645616729023154e+18,0.021114469067237285,6.222512478428689e+19,1.8659564721740157e+18,0.029987187308063185,2895361764.825538,202961876.28505796,0.07009896958326642,0.003772966072318375,0.019218715490811316,2.428152446021099e-05,2.2074139314754258e-08,5.06748913680713e-09,1.1428897068740405e-05,6
5242,3.0,15678,48.4083921785494,1,1,64.8,0,28.374709247004038,80.97303498574563,1.4477752252595134e+20,2.838381735017734e+18,0.019605127132279493,7.104023180860002e+19,2.0679632744170808e+18,0.02910974840268942,3666284102.4192843,225980682.17172283,0.06163752613241405,0.0037159171059930737,0.01921382541686502,2.840125374835259e-05,3.211704307807811e-08,4.623221956773082e-09,1.4440126316152636e-05,6
5489,3.0,11364,60.969646258800346,1,1,64.8,0,43.04891630708895,74.07416291823873,1.4588596075530412e+20,2.9824589172527145e+18,0.020443769241477738,7.113132937296465e+19,2.1304098681171156e+18,0.02995037330100616,3507894366.3207383,232501890.71330154,0.06627961575626394,0.0037271351126480154,0.019213490205304044,2.8543373462746653e-05,2.8446568499960897e-08,1.900315946232257e-08,1.3837305848064722e-05,6
5681,3.0,10726,64.20257189161481,1,1,64.8,0,43.96179175103993,75.00618947598554,1.3943066937606277e+20,2.863380013636282e+18,0.020536227979465343,7.1948718035850215e+19,2.1447208779588787e+18,0.02980902143232377,3536325599.841622,228834433.99759978,0.06470966191796602,0.0037243602591560876,0.019218471095430924,2.4127290795532488e-05,5.333948276377971e-08,1.1993137683391473e-08,1.3936137222810353e-05,6
5696,3.0,15471,46.07854328372579,1,1,64.8,0,25.62679499600997,75.99254612630666,1.4103684476919828e+20,2.768301989274141e+18,0.01962821838367391,6.99993834373013e+19,2.0316370068899098e+18,0.029023641454065868,3329292784.7493005,208521127.54568183,0.06263225886917113,0.0037401731398433473,0.019216152281292826,2.6531676479843307e-05,1.3198468581172227e-08,1.0138245695212368e-09,1.3093228920273513e-05,6
5811,3.0,3038,97.9405281252746,1,1,64.8,0,44.79369068477299,80.96057469369426,1.337059902873646e+20,2.835717386209009e+18,0.021208603893620677,4.454135791262187e+19,1.7505901509062124e+18,0.03930257704177763,3453997926.1211643,232220995.7320411,0.06723252320907587,0.0037333094396284254,0.019225931387608537,1.750043110209778e-05,8.322346868257839e-09,1.1136047595679237e-08,1.3570409518810112e-05,6
5922,3.0,16845,50.85088409156746,1,1,64.8,0,26.69782219109972,78.55864399576424,1.556394573828924e+20,3.0521447653287956e+18,0.01961035341969961,8.14527169268202e+19,2.2617735318158444e+18,0.02776793233119401,3724291815.789722,234331372.15618113,0.06291971299421177,0.00371004774276602,0.01921345536182368,2.8373091130657922e-05,7.339064049625677e-08,1.3474304326238629e-08,1.4680948941653524e-05,6
6211,3.0,7806,71.99914119169004,1,1,64.8,0,46.291448737034166,76.6290072194246,1.410336004566252e+20,2.964466565086271e+18,0.02101957657953993,6.892682244670513e+19,2.143348364900097e+18,0.031095998463549573,3488653146.0218735,234205202.63790148,0.06713341591581459,0.0037288031302500045,0.019216424857919516,2.5730559498972613e-05,3.355301839709618e-08,2.213283788533976e-08,1.3748874813207625e-05,6
6457,3.0,5408,83.42913807163761,1,1,64.8,0,43.36470114345185,75.51808192848691,1.1753591362084638e+20,2.5837976185556045e+18,0.021983047895390993,5.2763764177622516e+19,1.7937303716696701e+18,0.033995496713071956,2993570446.3468957,207780078.86115852,0.06940878211659125,0.0037656694203993995,0.019225056674863156,1.8400137807743793e-05,1.1990757233465603e-08,8.28766368912584e-09,1.1792458153292289e-05,6
6504,3.0,16172,43.414461295077096,1,1,64.8,0,22.455722710344116,78.6416094575723,1.4394338378010934e+20,2.8667953682883195e+18,0.019916131558138796,7.32168533820731e+19,2.1132251548977329e+18,0.02886255086475963,3322020912.932035,215807187.55551535,0.06496262161246982,0.0037407783530715973,0.019213360340469925,2.9035819292306228e-05,4.660279180546548e-08,4.49397348471352e-09,1.3081999328897537e-05,6
6551,3.0,6240,78.33040229619819,1,1,64.8,0,43.337343830439444,72.22459661974622,1.2316208017763879e+20,2.6588299955032955e+18,0.02158805690573283,5.636542124923731e+19,1.8707824035146337e+18,0.03319024966108893,3115799169.451922,211575990.68304855,0.06790424516361411,0.003757510866957953,0.01922479466250438,1.8729927881421396e-05,5.4993723248389365e-09,3.140020912289349e-09,1.2291493959488584e-05,6
6560,3.0,15585,47.17589534213847,1,1,64.8,0,28.64982283988851,77.82799758905726,1.5329325419040974e+20,2.9542108263411405e+18,0.019271629674399333,7.824705686729635e+19,2.213466376798449e+18,0.028288174219158083,3661710492.668621,238533229.25465328,0.0651425692261139,0.003715999396583078,0.019212233385677003,2.971739471398477e-05,3.666505877880698e-08,1.0918084269768783e-08,1.4411783606439437e-05,6
6784,3.0,15122,43.073754677169354,1,1,64.8,0,27.123111002003395,78.66444222877753,1.4299112332165703e+20,2.8168782406742333e+18,0.01969967208620143,7.065054026468095e+19,2.0323259156776282e+18,0.028765893481689512,3276874938.4031563,216257560.99936092,0.06599506086269644,0.003744320458215589,0.01921622748434808,2.6340667546941036e-05,2.6650668287236693e-08,4.022557448685747e-09,1.289024241691487e-05,6
6973,3.0,15870,44.692242469789306,1,1,64.8,0,24.25372401676515,77.03378958692487,1.3807261356789857e+20,2.699321384411615e+18,0.019550012958103363,6.8619987961268355e+19,1.9531979288815365e+18,0.02846397947466842,3373328834.698503,213985317.0748221,0.06343446712746799,0.0037376927104752614,0.01921365273227363,2.8545914218021228e-05,1.4901776278753383e-08,6.863857299916909e-10,1.3274649723114798e-05,6
7206,3.0,11463,57.110420109657404,1,1,64.8,0,41.182263397113694,74.36868723928342,1.420533263455918e+20,2.9031262431560893e+18,0.020436876191784997,7.290290321509993e+19,2.1692815172184312e+18,0.029755763097910774,3465864391.224022,228982394.40614054,0.06606790357578647,0.0037299018504718556,0.019215239961896936,2.728593689603382e-05,1.552043261265342e-08,1.3462159015773493e-08,1.3655019466125378e-05,6
7559,3.0,10987,60.96372627232035,1,1,64.8,0,44.52723123905876,81.57922576460577,1.4824249954776387e+20,3.033067896149895e+18,0.02046017778574111,7.3283219351865926e+19,2.20763507727266e+18,0.03012470108160511,3649492237.972542,243465350.58665097,0.06671211629207546,0.003717237965403934,0.01921457473322327,2.7457901387898768e-05,1.2215702577212105e-08,2.329745812198962e-08,1.439198979258241e-05,6
7642,3.0,13817,48.260202521294914,1,1,64.8,0,31.187110790275504,78.89114650751185,1.3825552382975597e+20,2.8260541677810683e+18,0.02044080474687574,6.911921836514122e+19,2.0266222225196905e+18,0.0293206762237024,3232558987.617994,211000440.7090298,0.06527350050447546,0.00374760660350768,0.01922137744688719,2.1688071413102496e-05,1.2838528029523011e-08,2.2074636974888e-09,1.2715562258888812e-05,6
7712,3.0,10831,59.940058606312505,1,1,64.8,0,42.371108489630544,74.50963677628232,1.4103455749696922e+20,2.870362965758107e+18,0.020352196062442287,6.881250035878528e+19,2.0819523442789087e+18,0.030255438087901224,3337329360.8067284,224030841.94494048,0.06712877805107788,0.003739964120078476,0.019219616994940705,2.3024306159815038e-05,2.0519055702173946e-08,1.3718207225572119e-08,1.3169647292935058e-05,6
7759,3.0,9464,62.029686081077685,1,1,64.8,0,39.12526856901712,77.38491335617964,1.2507474239863298e+20,2.6431929247727805e+18,0.021132907204785653,5.882030877355164e+19,1.844710835282586e+18,0.031361801285070004,2997908373.8940244,199505176.53046405,0.06654812344091893,0.003765866244768741,0.019223940539002806,1.933289680144063e-05,1.9613378562932723e-08,5.225130790655839e-16,1.1799896837805031e-05,6
7848,3.0,15810,44.754469234704786,1,1,64.8,0,25.37845016606052,75.82483213463722,1.4603399980645345e+20,2.873880252990902e+18,0.01967952844405965,7.202583302244703e+19,2.0506276057947274e+18,0.02847072390201505,3456229299.8461027,224074930.95062518,0.064832194715959,0.0037310238427960933,0.01921873459234017,2.414605603156403e-05,2.4102820289024883e-08,6.159334323898438e-09,1.3616401738257927e-05,6
7978,3.0,18875,53.525526743276025,1,1,64.8,0,9.364526011128524,76.22917431853911,1.7168897994020336e+20,3.2251395458295895e+18,0.018784779005343595,8.530929806606954e+19,2.3439562823295283e+18,0.02747597665748232,4035578018.1348925,251313476.5635129,0.062274468597601655,0.003688011650870386,0.019204349625781183,3.6474078958036835e-05,3.108387673239375e-08,1.9900811880012036e-08,1.590092609940873e-05,6
8532,3.0,12392,56.23798690018449,1,1,64.8,0,41.23867829396871,75.95245070297473,1.4489124415319364e+20,2.9257141596834483e+18,0.02019248420967445,7.88460856074355e+19,2.2667244366683425e+18,0.028748725053442364,3556700804.161854,235752531.7494676,0.06628404938464408,0.00372397893922814,0.019220397051147326,2.2124827149675908e-05,1.3042751189635544e-08,1.777957432046745e-08,1.400177727591342e-05,6
8627,3.0,14129,49.78814658015879,1,1,64.8,0,32.597065586696445,72.3971952719759,1.4431003930556924e+20,2.874501082509002e+18,0.019918926613431177,7.350451127488659e+19,2.1499640725310804e+18,0.0292494166037076,3484684161.5573378,227275774.65847766,0.06522134119521064,0.00372801362078255,0.019214959691305853,2.722552155766109e-05,4.3050235368591526e-08,6.893140405483311e-09,1.3756350863445101e-05,6
8867,3.0,14345,52.19981613254299,1,1,64.8,0,35.561492258482346,75.07699326493548,1.510051916898962e+20,2.9246811711304264e+18,0.019368083563223063,7.702561022990755e+19,2.1984207145222828e+18,0.028541425481218435,3645366360.541708,228966278.6687229,0.06281022427460435,0.0037162632086955205,0.019211640071925353,3.0478459459866097e-05,1.9676412623307646e-08,9.458135364349096e-09,1.437432632955698e-05,6
9214,3.0,15409,45.32783950029736,1,1,64.8,0,26.809432675038494,76.20596037864273,1.512197245681941e+20,2.9508325562540703e+18,0.019513542725197612,7.454399240995306e+19,2.1417836172495552e+18,0.028731807192065365,3502644419.6708555,227943633.142736,0.0650775830577047,0.0037275831597790134,0.01921292618562126,2.920040420369878e-05,3.482766219125947e-08,7.549201264303504e-09,1.3790819740541121e-05,6
9647,3.0,12362,59.87468607186915,1,1,64.8,0,43.58126225382848,74.5908820513127,1.4811698985034315e+20,3.023680086345462e+18,0.020414134053092604,7.58518705609662e+19,2.2298569002668897e+18,0.02939752024275571,3654128413.819611,235747348.99486247,0.06451534327674023,0.0037160445041782685,0.0192125513437929,2.9240090783702568e-05,4.4857994412671793e-08,2.1061117589434234e-08,1.4395800573913814e-05,6
9692,3.0,18298,48.47399603509873,1,1,64.8,0,8.553874723120215,73.45038229663507,1.662657388512858e+20,3.152619956701866e+18,0.018961332493892116,8.585492562263584e+19,2.339578361636701e+18,0.027250368510247317,3625558380.2700996,232592584.24159634,0.06415358955667085,0.0037177068825929925,0.01920990107217682,3.1878504597274164e-05,1.9404404363317312e-08,1.2004946022752668e-08,1.4272314314901512e-05,6
9889,3.0,15844,47.33565065266718,1,1,64.8,0,25.826237332517547,72.86384063963132,1.4103961138634349e+20,2.7562610935694234e+18,0.01954246091914789,6.911573844569067e+19,1.9996100195653658e+18,0.028931326851649092,3186257578.052904,212346310.52860865,0.06664442698897298,0.0037510732460460704,0.019214211920420447,2.8092555631764294e-05,3.265156057352435e-08,5.197435632186796e-09,1.2575210688532063e-05,6
9929,3.0,9952,60.91263420976514,1,1,64.8,0,39.1726186935853,76.02708922673555,1.1987268541156477e+20,2.5675736754636293e+18,0.02141917207117078,6.088448380227762e+19,1.9134404844111828e+18,0.03142739110058125,3040769092.4938126,205788402.53306994,0.06767643193988715,0.0037621411589948183,0.019221977016375926,2.13002395343654e-05,9.640686075413081e-09,3.1749057590603583e-09,1.1997915785671667e-05,6
10155,3.0,17154,53.79949618067428,1,1,64.8,0,27.795205446283976,81.79691077674102,1.6189956334866222e+20,3.146538587437248e+18,0.0194351270772791,8.383450323323988e+19,2.3587208010888166e+18,0.028135441973414093,3853884655.3333344,240696503.08628133,0.0624555544892048,0.003701322990863574,0.019210721055421445,3.0866149007671245e-05,7.90735504629116e-08,1.7835484488447848e-08,1.5165519279710792e-05,6
10734,3.0,16785,46.966688477567175,1,1,64.8,0,20.28055966914195,79.01672913839009,1.5823049388763326e+20,3.047499292053769e+18,0.019259873474312343,7.89783095476761e+19,2.211488787992216e+18,0.02800121705133771,3610829406.549124,228621762.62544367,0.06331558123759104,0.0037196921872465344,0.019212759743827624,2.926404033593642e-05,2.9590171368948484e-08,6.508724504903904e-09,1.423536168623538e-05,6
10772,3.0,16736,50.14359301776561,1,1,64.8,0,26.431308092378135,80.51678638376525,1.5758172758347134e+20,2.972444600732081e+18,0.018862876085411436,7.716128497010391e+19,2.2352375476219753e+18,0.028968381598207138,3656588909.966021,232374268.0371025,0.06354946474944645,0.0037159297801913176,0.019212074179097784,2.9844596213806923e-05,2.133231168414932e-08,7.675925850475582e-09,1.4402904676887296e-05,6
11457,3.0,17968,45.868173649022275,1,1,64.8,0,6.487796738168904,77.25766952644054,1.5359923626419356e+20,2.9346100895969367e+18,0.019105629435222923,7.627851986432392e+19,2.111098457109046e+18,0.027676185390907458,3684473344.4974413,223966213.87650526,0.06078649319338583,0.0037134227774099633,0.0192133163704617,2.8976683339794348e-05,4.449329475415495e-08,3.1917408986330665e-09,1.4508874791493896e-05,6
11761,3.0,16525,44.99581412609174,1,1,64.8,0,21.808722847390737,76.54656740241776,1.4682820822147988e+20,2.8364925370172416e+18,0.019318444128519192,7.2670068079238865e+19,2.0860590086544814e+18,0.028705890386394838,3545734722.657569,223961455.48579293,0.06316362418616903,0.003723819304586821,0.019211902999549838,3.002688333406051e-05,4.25635715042321e-08,3.450099150081897e-09,1.3969957957969787e-05,6
12175,3.0,6795,78.48741441950584,1,1,64.8,0,43.712795450111734,80.10584608829862,1.2700001367737126e+20,2.7512386027968205e+18,0.021663293751967787,5.761313063692784e+19,1.8925590852818094e+18,0.03284944012517783,3138682936.494952,220042413.94003668,0.0701066078964203,0.003755119906101613,0.019217748321125425,2.5120165955113743e-05,9.273859474862887e-09,1.0754544839629384e-08,1.2383188698787108e-05,6
12194,3.0,4263,89.29483491435974,1,1,64.8,0,42.94858275454612,72.45249833071145,1.2063405479441465e+20,2.606232155057395e+18,0.021604447927237074,4.615768802062481e+19,1.6756895380576215e+18,0.036303584731299084,3013027000.338036,211215063.08138117,0.07010062075702761,0.003765169482440654,0.01922762633362056,1.5848242903697043e-05,9.418621011742102e-09,6.8854970874506e-09,1.1850749490102095e-05,6
12441,3.0,17630,48.28408814368083,1,1,64.8,0,16.80244530187175,72.54571444416668,1.4858689223230797e+20,2.923900723728134e+18,0.019678052887442895,7.934037974135746e+19,2.2120850071419686e+18,0.027880948066459577,3420236225.6861377,221631430.1710326,0.06480003588833133,0.003734090424020319,0.019214693727464077,2.762822411133611e-05,4.866158684070133e-08,4.574010486634555e-09,1.3463318458559165e-05,6
12447,3.0,17084,46.35015120107054,1,1,64.8,0,19.65907952333956,78.90332678278457,1.4596365979628187e+20,2.8552277991677184e+18,0.01956122368507815,7.2774747576937144e+19,2.1004726094957268e+18,0.028862657438627547,3530421002.8748713,221974904.55180535,0.06287491049114201,0.003726346124880399,0.01921172545585142,3.038675998140513e-05,3.875980881489288e-08,3.5036786039665465e-09,1.3894092614079653e-05,6
12556,3.0,10138,61.3872587251126,1,1,64.8,0,41.34964406069698,73.92574892391298,1.3759293819587946e+20,2.846318753732656e+18,0.020686517717069114,6.5454555743266914e+19,2.0372194651155484e+18,0.03112418138022593,3499383010.828547,228342759.72558442,0.06525229133792926,0.003728169285147319,0.019218896975483474,2.3755749920143428e-05,4.6861831083032643e-08,8.415209028538575e-09,1.379220796721405e-05,6
12559,3.0,16013,46.939899178535526,1,1,64.8,0,25.388665050024834,79.50220245107748,1.3841120316182438e+20,2.717998994259689e+18,0.019637131476141583,6.9099799251067494e+19,2.0095536506672832e+18,0.029081902877398567,3208168266.995191,210956124.17782855,0.06575594127904413,0.0037491979183450876,0.019217218980734807,2.547170750954874e-05,2.6829508229275157e-08,3.366644755764289e-09,1.2633656268339359e-05,6
13031,3.0,14886,51.52160539168537,1,1,64.8,0,32.75758169744269,76.60183209794563,1.4270449352646327e+20,2.856426089139985e+18,0.020016371023455447,7.015328221362595e+19,2.060678442849085e+18,0.029373941999948753,3361580143.133058,217248232.38174477,0.0646268192729343,0.00373739797613634,0.019210686795262524,3.148602322835748e-05,6.584852428652197e-08,3.4467297096200957e-09,1.3249169203953725e-05,6
13176,3.0,9998,65.20126598277736,1,1,64.8,0,45.27938473881682,78.67683985108876,1.4049764292462051e+20,2.9425295961190415e+18,0.02094362250402849,7.229842404286927e+19,2.148564484094273e+18,0.029717998871182642,3419514541.24759,229207866.9363763,0.06702935875007308,0.0037338900662570356,0.01921649279341839,2.5944094653302683e-05,2.6784528320319342e-08,1.7983860229639694e-08,1.3479731442899524e-05,6
13179,3.0,12554,54.92793519173416,1,1,64.8,0,36.614336676841845,74.92259652012343,1.2842508548021002e+20,2.672151826845672e+18,0.020807086223488976,6.559015311695527e+19,1.953928856411456e+18,0.029789972481499803,3193576406.136365,206267971.7460903,0.06458839417455375,0.003750727745373291,0.019218005214900014,2.4895859606289034e-05,2.033150988779555e-08,5.997199510040839e-10,1.2601560151809328e-05,6
13641,3.0,3037,97.92546981237224,1,1,64.8,0,43.76397056846889,79.27502298641468,1.2409426826189424e+20,2.7338546272047493e+18,0.0220304665597858,3.893442386584515e+19,1.5363641140467087e+18,0.039460301745840635,3273495897.352978,219802851.94332802,0.06714621274493288,0.0037460573167598316,0.019227530423163563,1.5890726417247123e-05,5.8279119215649875e-09,7.48308389832951e-09,1.2898227277683374e-05,6
13758,3.0,12162,54.82321058064487,1,1,64.8,0,37.81637752530717,74.76761447670076,1.2439700502580476e+20,2.636647612149044e+18,0.021195426783804813,6.120469255169745e+19,1.8529704439667625e+18,0.030274973481839218,3031678149.007136,208260422.95860237,0.06869476663504236,0.0037628743302119106,0.01922220699397389,2.10024795639022e-05,9.923317202270856e-09,4.959734439894061e-09,1.1923837433063025e-05,6
13847,3.0,17129,53.338859968139104,1,1,64.8,0,27.234509703222724,80.86028868182478,1.6135801380138005e+20,3.106807065323018e+18,0.01925412312739094,8.65898440791977e+19,2.390848769913234e+18,0.02761119153565505,3814161696.9347496,240204007.3977159,0.0629768810249329,0.003704589685845597,0.019206966572142214,3.433770161497599e-05,2.9302164455394296e-08,2.015378160644723e-08,1.5033351033248627e-05,6
13850,3.0,13285,50.30756813042725,1,1,64.8,0,34.10975131015926,72.46557114262595,1.2814150679515714e+20,2.5887867603175834e+18,0.020202562191311935,6.400027234732653e+19,1.881214867139706e+18,0.029393857215644952,3113137699.2994184,207073919.83976707,0.06651614539452176,0.0037558136285408966,0.019217712899160876,2.5151083131751405e-05,1.2710180041335599e-08,6.053723483088525e-10,1.2272218559312645e-05,6
13920,3.0,9548,65.9486213260758,1,1,64.8,0,45.01451347745139,80.88349908240386,1.4301390660657802e+20,2.978870877366329e+18,0.020829239254060862,6.9600718812861596e+19,2.1193246461882422e+18,0.030449752277509665,3495462371.4120417,237374656.34331903,0.0679093725295713,0.0037287431283351156,0.019217240486473525,2.457091892402064e-05,1.255055215034406e-08,2.1379880986140548e-08,1.3777630703353707e-05,6
14730,3.0,14225,48.47515124275774,1,1,64.8,0,29.92552487425806,77.49079932614782,1.3024803228373485e+20,2.6464371822336425e+18,0.020318442711430698,6.640219553300939e+19,1.929036162735288e+18,0.02905078886700876,3056939650.138499,205984226.16446364,0.06738249679058311,0.0037604172423365218,0.019219486713803132,2.3537805250861463e-05,7.759336365030832e-09,1.6994376400032685e-09,1.2048444015554671e-05,6
14777,3.0,16902,49.06974325408768,1,1,64.8,0,23.48726148834069,77.32413176913312,1.587755267550864e+20,3.039346079944491e+18,0.019142409047917867,7.361114709314579e+19,2.1231933625968054e+18,0.028843367430617092,3840905099.8743215,237170325.58057797,0.06174855129545857,0.0037021022771365803,0.01921240888339488,2.947794516126391e-05,2.6008683778811163e-08,6.437641633750703e-09,1.5104246824851918e-05,6
14988,3.0,8756,66.09764691801435,1,1,64.8,0,42.32697899555401,73.57483288766454,1.2866110271822648e+20,2.749865883845842e+18,0.021372938873904804,6.078903298403326e+19,1.919675951059743e+18,0.03157931384702174,3101156563.074319,214902903.76714545,0.06929766343499354,0.00375868417228025,0.019221920803200333,2.1158285902666213e-05,2.6756384813922798e-08,1.0342447197224607e-08,1.2223369841740173e-05,6
15025,3.0,11682,53.182774097346574,1,1,64.8,0,35.16195702937646,74.30316705767413,1.2944766373573581e+20,2.6590113073934904e+18,0.02054120739345127,6.54855969195192e+19,1.9089362345505956e+18,0.02915047467455552,3268467873.2738156,211448260.04335895,0.06469338792416054,0.0037457277127676794,0.019219364228021063,2.365642114900893e-05,2.150561182970398e-08,4.844345844220974e-10,1.2872291686562907e-05,6
15367,3.0,6558,78.44226552766807,1,1,64.8,0,44.528081959759376,73.02470293121569,1.3406514154064978e+20,2.8365119886596797e+18,0.02115771449657272,5.953181095436035e+19,1.9677040021444436e+18,0.03305298412059009,3402650520.923664,229348341.29185548,0.06740284959667203,0.0037356172087443505,0.019220696393310498,2.2328837832697053e-05,1.019973861270728e-08,1.2219819398625992e-08,1.3422145025983206e-05,6
15390,3.0,15523,45.02404795590862,1,1,64.8,0,25.25573284937203,72.61443885151364,1.3034105488647882e+20,2.5784617144969236e+18,0.019782421714651974,7.1301300794034495e+19,2.0236462891256678e+18,0.02838161809938506,3135623507.151677,205711988.4248137,0.06560481127776636,0.003756040756043166,0.019217110064603415,2.5767348021725776e-05,2.4593324375599616e-08,5.849268057897694e-10,1.2324183455733848e-05,6
15898,3.0,13234,47.096080655905,1,1,64.8,0,30.293907125012318,77.81333804694118,1.3267186382681075e+20,2.718777058080452e+18,0.020492491623013087,6.94790608082606e+19,2.0225765854549002e+18,0.029110591909648112,3171684919.1788945,204697230.85098585,0.06453895518221248,0.0037528000002617916,0.01921956814972693,2.3329569827669943e-05,2.66396171055847e-08,1.2684486721708358e-09,1.2486981794924489e-05,6
16110,3.0,11735,59.11182474837726,1,1,64.8,0,39.63091239935484,80.94182772406832,1.4411844989660352e+20,2.9028370457895004e+18,0.02014202239804907,7.042331136110333e+19,2.0714802422143695e+18,0.029414695250449457,3491543374.105429,224035466.2759167,0.0641651677414195,0.003729620683630837,0.019217864013320138,2.456443085003608e-05,3.870097573431455e-08,7.316814339062928e-09,1.37720529799029e-05,6
16722,3.0,9239,64.15804710252289,1,1,64.8,0,41.36521778914249,77.62936965509665,1.3678939713721822e+20,2.7971363208835886e+18,0.02044848781720767,6.863258566525092e+19,2.060859964729083e+18,0.03002742712886757,3423028760.7454004,225329551.43814456,0.06582753671899523,0.0037330155335193967,0.01921505746085056,2.7605048241595405e-05,1.396156255454416e-08,9.88098349264875e-09,1.3504730298546856e-05,6
17263,3.0,5044,85.422522951749,1,1,64.8,0,44.31949343786349,79.75911053597383,1.3498733938609683e+20,2.8090694030888233e+18,0.020809873102648518,5.790201288102706e+19,1.8868150935494198e+18,0.03258634716942074,3412743853.234807,226971304.33043236,0.06650698502183078,0.0037343790896408996,0.019223471018996238,1.969198034630352e-05,2.3070667724125672e-08,1.1937153780677722e-08,1.345101539674848e-05,6
17924,3.0,4897,85.91484841909303,1,1,64.8,0,41.857500488941945,78.52026535385937,1.1224154302273893e+20,2.4748896261662996e+18,0.022049675721803944,4.670428621710368e+19,1.6254055777699978e+18,0.0348020644232596,2942660520.8644056,202170875.77344206,0.06870343158512027,0.0037696505276731376,0.019222940998718994,2.052673795187541e-05,1.6215018294529637e-08,4.110626137746737e-09,1.158825205690076e-05,6
17934,3.0,15206,48.86342598252226,1,1,64.8,0,31.865335648030065,75.95523565995062,1.542813439061665e+20,3.0474767175113426e+18,0.019752723435989834,7.789824694623032e+19,2.2162393089949985e+18,0.028450438820847527,3652834295.658206,237046831.7690476,0.06489394606560821,0.0037162149144170935,0.019213107550613492,2.868074927300905e-05,2.6287372643211064e-08,1.7908099065813093e-08,1.4384558814609205e-05,6
18711,3.0,5114,85.70064524902912,1,1,64.8,0,44.06382146340563,78.81463204897594,1.2658124117577612e+20,2.773034518684617e+18,0.02190715222039783,5.444102322703439e+19,1.8298033975432806e+18,0.03361074588757242,3191880128.5297446,219358668.3922497,0.06872396818150295,0.0037519810683194006,0.019223911184147808,1.9321413027621467e-05,1.6634523430969956e-08,9.272510496536068e-09,1.2577364391122031e-05,6
19475,3.0,7528,72.79342639037651,1,1,64.8,0,46.23519098297093,76.03664162185699,1.3997010704471848e+20,2.9517943595708524e+18,0.021088748318437704,6.9726363960858984e+19,2.1065856886709627e+18,0.03021218329774801,3454805647.1323543,230337054.95077908,0.06667149428274477,0.003730917874441454,0.019220783700942573,2.1971408453710796e-05,1.152988218503226e-08,1.9244787185521255e-08,1.3628836382323899e-05,6
19500,3.0,14625,50.17101829445287,1,1,64.8,0,31.192010191557934,76.50515881216496,1.3982302262309437e+20,2.793965403111566e+18,0.019982155661467518,6.822488671827645e+19,1.996537401558659e+18,0.029264063270680606,3262054750.7035522,206665347.57391685,0.06335434668266796,0.0037451293644427943,0.019216017667821092,2.6530892052705234e-05,2.080730946398356e-08,7.502873797755411e-11,1.2846473259315431e-05,6
19564,3.0,16519,48.325285622887115,1,1,64.8,0,27.679998430714086,74.95328288196683,1.6344661710614535e+20,3.189760979965553e+18,0.019515613332603033,8.397001138264344e+19,2.3630834469972874e+18,0.028141992695808252,3805407264.4354815,243060343.6271089,0.06387236023295026,0.0037052169168947935,0.019207117026427637,3.4075643564713905e-05,5.256794897149464e-08,2.2335183175345488e-08,1.499251327622252e-05,6
19834,3.0,12715,49.541496522520845,1,1,64.8,0,34.67112812506476,78.06767800249656,1.2373186020177489e+20,2.537437311586864e+18,0.020507550015403917,6.529613754868478e+19,1.9630268664281364e+18,0.030063445406162105,2932923461.7019463,195496777.71479753,0.06665594253228575,0.0037706631292557012,0.01922056568381164,2.2414634648710805e-05,1.1178371780433971e-08,1.0650677690814638e-09,1.1560923107564064e-05,6
20474,3.0,11308,51.17371733773182,1,1,64.8,0,36.76176423603538,76.61936314057616,1.2180242513222484e+20,2.5886203791438157e+18,0.021252617723610114,6.0955792416754745e+19,1.8462754047200492e+18,0.030288760616826445,3015931088.39812,203674283.9249847,0.06753280428339102,0.00376455410427151,0.019218161627229717,2.4760219696749274e-05,1.2359444863807642e-08,5.726291713189832e-09,1.1879513203721896e-05,6
21001,3.0,16549,51.6367790561949,1,1,64.8,0,28.47548148823725,79.65263269001781,1.6369325707593417e+20,3.1757364863254907e+18,0.01940053330878698,8.368131095719836e+19,2.3387399141867873e+18,0.027948174896339936,4102381844.4795485,251433465.63088924,0.061289630064357774,0.003681841675449244,0.019207925231259432,3.319741844112782e-05,6.166304623857696e-08,2.1147582842025938e-08,1.6158269549271734e-05,6
21627,3.0,9809,61.85785524523145,1,1,64.8,0,41.8937381596916,74.00517924792115,1.3774162014312808e+20,2.875948498317187e+18,0.02087929919314709,6.475714031230458e+19,2.0248278680870397e+18,0.031268024781852505,3447134636.587355,225370902.13274708,0.06537919921684958,0.003732555563248123,0.01921821847709792,2.431281603353967e-05,1.9068549773957945e-08,1.0691046522508196e-08,1.3566546323231307e-05,6
21905,3.0,17631,44.755685842987305,1,1,64.8,0,12.154025549729221,73.00787979715903,1.492527237756989e+20,2.946698070315641e+18,0.01974301035031039,7.534030316693406e+19,2.1127456196986097e+18,0.028042701328362427,3522562559.6693687,220295305.2234323,0.06253836560509786,0.003726685269655369,0.019212075372936028,3.0066648886105865e-05,3.573995957652694e-08,3.946001327299734e-09,1.3863385401011966e-05,6
21927,3.0,7294,70.64509402618994,1,1,64.8,0,42.286362067337045,73.15781834818617,1.356648667723952e+20,2.8355143246554967e+18,0.02090087428024115,6.433067334631194e+19,2.0190214815892987e+18,0.03138505127593303,3266485439.0308285,226502365.1603775,0.06934130562895793,0.0037456646878962635,0.019223011634862158,2.019160127721716e-05,2.2358017259333145e-08,1.531569681806125e-08,1.2873883780757382e-05,6
22124,3.0,7898,67.64434875317335,1,1,64.8,0,41.87117155494728,77.17203397901957,1.2813433460776395e+20,2.7256283941967544e+18,0.021271647467013908,5.768882015582227e+19,1.8738124384346793e+18,0.03248137911944389,3236638957.351569,220114759.70750573,0.06800720210314039,0.003748760961831045,0.019223586455806428,1.966359291423621e-05,6.134016149263374e-09,8.749547146296914e-09,1.2750399536609158e-05,6
22223,3.0,11396,53.583772492838854,1,1,64.8,0,37.86727997628815,78.53698224088265,1.3276563440732337e+20,2.775536168892871e+18,0.020905531625582865,6.488093769235408e+19,1.9705596420679035e+18,0.03037193530419837,3380351050.7895336,222618629.34707773,0.0658566598564021,0.0037354245240670573,0.019220279980137603,2.2508819653819364e-05,2.7255594134584677e-08,6.147276818338484e-09,1.3317404781883362e-05,6
22242,3.0,6153,76.62262789834378,1,1,64.8,0,42.184386280233944,74.74727734418188,1.2116110600143947e+20,2.644227014731717e+18,0.02182405808263505,5.5815275368154006e+19,1.8472313276721874e+18,0.0330954441322374,3170041134.3168807,218670702.36296728,0.06898039902251588,0.0037531131130420143,0.01922182626167232,2.1166542816119023e-05,1.397687722919503e-08,6.4961186997777685e-09,1.2481836980545103e-05,6
22623,3.0,15034,42.09584025996596,1,1,64.8,0,27.338204711599708,74.61147990560406,1.3963963185388546e+20,2.754156610047764e+18,0.019723316178100695,7.0184498015518925e+19,2.0494545532457539e+18,0.029200957635866918,3238235444.875427,211241513.41285518,0.06523352517407255,0.00374619153936021,0.01921691337067387,2.580226960866687e-05,1.9666156334920913e-08,8.345088260539938e-10,1.2773297244892858e-05,6
22877,3.0,15064,52.5251654321665,1,1,64.8,0,35.75555481190863,75.42972860461104,1.5631075304618626e+20,3.020450582034207e+18,0.01932337042187835,7.735533540599061e+19,2.2249740631658785e+18,0.028763032976178788,3596278415.7352753,232581112.3406376,0.06467272147868043,0.0037200864989612,0.019213962762692327,2.8201593176926303e-05,1.5590501420657714e-08,1.5081075361297687e-08,1.415467824208337e-05,6
23328,3.0,7501,74.4192186766623,1,1,64.8,0,44.51978324557272,75.75323349561742,1.3212593225309995e+20,2.8075241434993874e+18,0.02124885021148842,6.216273599599831e+19,1.9664277239087163e+18,0.03163354528081428,3402283805.416206,231659408.1835097,0.06808938390581161,0.0037364840893821167,0.01922104074787402,2.1808496585100936e-05,1.9232377818159944e-08,1.1971745119223726e-08,1.3393570816961151e-05,6
23435,3.0,16079,52.018670661022654,1,1,64.8,0,32.135645645219746,74.72274131439194,1.576158799437361e+20,3.1192212760362916e+18,0.01979001910943082,8.139627238549361e+19,2.28711628566286e+18,0.02809853840518707,3759963284.5052514,237906490.5083283,0.06327362064644013,0.0037082107004663576,0.019214291064449798,2.751020255562236e-05,2.391470037768249e-08,1.7631516083192343e-08,1.4800422592116855e-05,6
24039,3.0,4103,89.14551955851925,1,1,64.8,0,41.47556390733943,75.648755545502,1.0966819630836926e+20,2.3645054569564083e+18,0.02156053930446527,4.509819336714349e+19,1.5940073668104236e+18,0.0353452599272357,2686336769.223556,188928824.46370238,0.07032953821285383,0.0037889790915857017,0.01922762772742732,1.610614247512626e-05,8.467152546007603e-09,1.7884654301550453e-09,1.059087006509786e-05,6
24114,3.0,18199,54.14806224292516,1,1,64.8,0,19.877287106110806,82.10052034193602,1.707624894768618e+20,3.2414037001810913e+18,0.018981942170738262,8.48835456447659e+19,2.324309905866969e+18,0.027382337627531596,4116993550.025892,250606224.69025373,0.06087117253042033,0.0036820627259594716,0.019205102591957488,3.5751312783728846e-05,4.078958121439196e-08,2.013002085780826e-08,1.623333827982565e-05,6
24255,3.0,12085,52.34543022307339,1,1,64.8,0,37.09256515007811,79.05265134085612,1.2554015160821932e+20,2.627133216227435e+18,0.020926637275587235,6.086072141521286e+19,1.8475028743475533e+18,0.030356243425759787,3068359653.158087,207952557.85318562,0.06777320176243094,0.003760012408091743,0.01921847207777856,2.4417008051994123e-05,2.965271572751829e-08,5.053184427738561e-09,1.2092532160828494e-05,6
24285,3.0,5680,83.2966665556206,1,1,64.8,0,44.82300770584209,74.37049314948138,1.3399856964824318e+20,2.805571972364466e+18,0.0209373277620001,5.913910395474843e+19,1.941305820423069e+18,0.03282609459061979,3400899181.0499134,230171316.1059142,0.06767954704110239,0.0037365775538374295,0.019220389565886443,2.2556095127999935e-05,6.124665763687004e-09,1.331514641681906e-08,1.3376040535214427e-05,6
24391,3.0,13125,50.12978107347283,1,1,64.8,0,37.151659845748554,77.00862525577266,1.5391494557323677e+20,3.0890993570018427e+18,0.020070171519061274,7.813197223185379e+19,2.259358382520999e+18,0.02891720659266651,3671271523.4947467,239244456.81650388,0.06516664738236604,0.0037158502792636935,0.019212872900640776,2.892699242437105e-05,1.512951365648983e-08,2.0976467108238944e-08,1.4463974446623105e-05,6
25009,3.0,7851,70.90565953078469,1,1,64.8,0,41.117056383268086,73.69036758078812,1.1656955108992043e+20,2.5193381834237153e+18,0.021612317795410625,5.389924749659256e+19,1.7645758497305728e+18,0.032738413460078955,2754585772.6708937,197665880.60232133,0.07175884031763552,0.0037834306222014587,0.019226235513953353,1.7277671652769e-05,6.8228400340597445e-09,4.0895673581382205e-09,1.0857915792849018e-05,6
25037,3.0,5882,81.78431938244925,1,1,64.8,0,46.94374113213076,77.22523259478925,1.3508509978335278e+20,2.8429846226081843e+18,0.021045878688084146,5.649028329716103e+19,1.9100637045582223e+18,0.03381225217991099,3456590364.114947,231515064.99384427,0.06697787142999319,0.003732888757569766,0.019219749788607018,2.2707510374059744e-05,1.2388049202671974e-08,1.9015967194202356e-08,1.36148027655027e-05,6
25080,3.0,15058,49.90983531233546,1,1,64.8,0,31.031926227737877,72.79637039162766,1.515045715031142e+20,2.945273527070449e+18,0.019440162747893775,7.460120854331136e+19,2.136988627290881e+18,0.028645496085364427,3684798300.7866383,227882607.84877756,0.06184398418771761,0.003712792406724904,0.0192125400444724,2.973572907533393e-05,5.3638988559218045e-08,7.854510078727248e-09,1.4503074007022297e-05,6
25318,3.0,12915,46.900441732426536,1,1,64.8,0,32.665471296589516,76.9303461814389,1.2748593164899659e+20,2.6330479777564815e+18,0.020653635610601944,6.352461648106944e+19,1.875891113456314e+18,0.02953014464896984,3097449628.159833,201911472.1507608,0.06518636181041453,0.003757466813407497,0.01922045461272354,2.2671836827055208e-05,2.6726889557900086e-08,4.660757352750189e-10,1.2203973968204927e-05,6
25860,3.0,7871,70.78570846865382,1,1,64.8,0,44.22625487657335,72.17904868038494,1.3868589445951124e+20,2.856707413000636e+18,0.020598399167657527,6.691873196237593e+19,2.0942454033207608e+18,0.03129535396005739,3414422940.0132966,230588992.0207702,0.06753381056532856,0.003734348099899269,0.019218139510320763,2.4319168854820936e-05,1.6514294721618568e-08,1.50279698475353e-08,1.3440808717565358e-05,6
25986,3.0,14547,46.579068957474426,1,1,64.8,0,29.7105406440706,77.2644943575879,1.4095445486856336e+20,2.7876367464787185e+18,0.019776861604538308,7.1072779305189335e+19,2.0948363323976364e+18,0.02947452390179264,3373326766.178619,219577757.30831882,0.06509234726674923,0.0037366098253346727,0.01921420703687317,2.827083308384425e-05,3.89031640436812e-08,4.900058039165815e-09,1.3270614715579029e-05,6
26532,3.0,16544,46.67278074531693,1,1,64.8,0,23.57709748471026,72.94242993185148,1.4448981968606128e+20,2.775649797304231e+18,0.019210002499380197,7.0075538778144555e+19,2.0491264781765842e+18,0.029241679962875636,3379670735.160711,218171377.6474515,0.06455403343813519,0.0037360908327698965,0.019216806330130967,2.588884298743159e-05,3.3407691464074636e-08,2.1983630964943676e-09,1.3322385943010547e-05,6
