,time,passes,recirculated,discarded,keff,keff_relative_uncertainty,keff_absolute_uncertainty,power_normalization_value,threshold
0,7020,32.5,,,0.968067881,0.000269013,0.000260423,10000000,79.2
1,7030.8,32.55,1350,176,0.971279355,0.00027721,0.000269249,10000000,79.2
2,7041.6,32.6,1350,183,0.970744734,0.000295776,0.000287123,10000000,79.2
3,7052.4,32.65,1350,202,0.969375685,0.000288993,0.000280143,10000000,79.2
4,7063.2,32.7,1350,186,0.969157684,0.000283417,0.000274676,10000000,79.2
5,7074,32.75,1350,180,0.966676055,0.000283509,0.000274061,10000000,79.2
6,7084.8,32.8,1350,191,0.964937678,0.000286799,0.000276743,10000000,79.2
7,7095.6,32.85,1350,174,0.962186268,0.000287571,0.000276697,10000000,79.2
8,7106.4,32.9,1350,203,0.961192913,0.000293109,0.000281734,10000000,79.2
9,7117.2,32.95,1350,191,0.958284115,0.000287341,0.000275354,10000000,79.2
10,7128,33,1350,184,0.955785015,0.000293492,0.000280515,10000000,79.2
11,7138.8,33.05,1350,198,0.954599192,0.000313541,0.000299306,10000000,79.2
12,7149.6,33.1,1350,193,0.953729019,0.000295933,0.00028224,10000000,79.2
13,7160.4,33.15,1350,186,0.951340795,0.000287769,0.000273767,10000000,79.2
14,7171.2,33.2,1350,191,0.950427551,0.00029869,0.000283883,10000000,79.2
15,7182,33.25,1350,201,0.948881207,0.000287618,0.000272915,10000000,79.2
16,7192.8,33.3,1350,236,0.947730133,0.000291905,0.000276647,10000000,79.2
17,7203.6,33.35,1350,239,0.946578295,0.000294878,0.000279125,10000000,79.2
18,7214.4,33.4,1350,235,0.946840947,0.000295343,0.000279643,10000000,79.2
19,7225.2,33.45,1350,262,0.944921486,0.000300022,0.000283497,10000000,79.2
20,7236,33.5,1350,252,0.94619143,0.000309839,0.000293167,10000000,79.2
21,7246.8,33.55,1350,264,0.946312241,0.000292818,0.000277097,10000000,79.2
22,7257.6,33.6,1350,271,0.944821996,0.000299736,0.000283198,10000000,79.2
23,7268.4,33.65,1350,318,0.945514507,0.000297655,0.000281437,10000000,79.2
24,7279.2,33.7,1350,303,0.945225175,0.000279237,0.000263942,10000000,79.2
25,7290,33.75,1350,294,0.946583113,0.000288805,0.000273378,10000000,79.2
26,7300.8,33.8,1350,269,0.946818003,0.000301012,0.000285004,10000000,79.2
27,7311.6,33.85,1350,305,0.946542439,0.000278831,0.000263925,10000000,79.2
28,7322.4,33.9,1350,291,0.948599167,0.000289737,0.000274844,10000000,79.2
29,7333.2,33.95,1350,300,0.949035916,0.000292648,0.000277733,10000000,79.2
30,7344,34,1350,318,0.948872163,0.000299101,0.000283808,10000000,79.2
31,7354.8,34.05,1350,305,0.950587219,0.000299207,0.000284422,10000000,79.2
32,7365.6,34.1,1350,284,0.951898054,0.000299866,0.000285442,10000000,79.2
33,7376.4,34.15,1350,283,0.951662787,0.00028533,0.000271538,10000000,79.2
34,7387.2,34.2,1350,295,0.952480485,0.000295932,0.00028187,10000000,79.2
35,7398,34.25,1350,293,0.953039076,0.00031114,0.000296529,10000000,79.2
36,7408.8,34.3,1350,275,0.953423245,0.000290155,0.00027664,10000000,79.2
37,7419.6,34.35,1350,313,0.954101021,0.000286626,0.00027347,10000000,79.2
38,7430.4,34.4,1350,314,0.954766495,0.000291486,0.000278301,10000000,79.2
39,7441.2,34.45,1350,305,0.955103784,0.000303399,0.000289777,10000000,79.2
40,7452,34.5,1350,293,0.956078487,0.000286661,0.00027407,10000000,79.2
41,7462.8,34.55,1350,294,0.956251125,0.000297533,0.000284516,10000000,79.2
42,7473.6,34.6,1350,333,0.956483227,0.000291497,0.000278812,10000000,79.2
43,7484.4,34.65,1350,292,0.958594608,0.000300551,0.000288106,10000000,79.2
44,7495.2,34.7,1350,295,0.959118876,0.000282355,0.000270812,10000000,79.2
45,7506,34.75,1350,254,0.959259934,0.000285515,0.000273883,10000000,79.2
46,7516.8,34.8,1350,287,0.959884393,0.000284685,0.000273265,10000000,79.2
47,7527.6,34.85,1350,293,0.960095015,0.000297232,0.000285371,10000000,79.2
48,7538.4,34.9,1350,278,0.96010997,0.000289658,0.000278104,10000000,79.2
49,7549.2,34.95,1350,316,0.961381383,0.000291209,0.000279963,10000000,79.2
50,7560,35,1350,286,0.962317656,0.000302477,0.000291079,10000000,79.2
51,7570.8,35.05,1350,262,0.962066931,0.00030276,0.000291275,10000000,79.2
52,7581.6,35.1,1350,260,0.961094041,0.000296562,0.000285024,10000000,79.2
53,7592.4,35.15,1350,253,0.96039078,0.00028731,0.00027593,10000000,79.2
54,7603.2,35.2,1350,260,0.961315878,0.000281793,0.000270892,10000000,79.2
55,7614,35.25,1350,264,0.961584197,0.000306819,0.000295033,10000000,79.2
56,7624.8,35.3,1350,252,0.962090076,0.000291813,0.00028075,10000000,79.2
57,7635.6,35.35,1350,253,0.961848473,0.000301458,0.000289957,10000000,79.2
58,7646.4,35.4,1350,233,0.961754369,0.000294243,0.000282989,10000000,79.2
59,7657.2,35.45,1350,226,0.961510666,0.000297859,0.000286394,10000000,79.2
60,7668,35.5,1350,230,0.960404441,0.000296968,0.000285209,10000000,79.2
61,7678.8,35.55,1350,219,0.960541691,0.00029325,0.000281679,10000000,79.2
62,7689.6,35.6,1350,227,0.959429427,0.000269269,0.000258345,10000000,79.2
63,7700.4,35.65,1350,217,0.95939847,0.000294894,0.00028292,10000000,79.2
64,7711.2,35.7,1350,207,0.957346333,0.000301593,0.000288729,10000000,79.2
65,7722,35.75,1350,213,0.95565503,0.000301606,0.000288231,10000000,79.2
66,7732.8,35.8,1350,217,0.955025813,0.000291499,0.000278389,10000000,79.2
67,7743.6,35.85,1350,204,0.953144101,0.000298695,0.0002847,10000000,79.2
68,7754.4,35.9,1350,226,0.953643203,0.000296571,0.000282823,10000000,79.2
69,7765.2,35.95,1350,238,0.951968786,0.000288008,0.000274174,10000000,79.2
70,7776,36,1350,233,0.952072414,0.000289148,0.00027529,10000000,79.2
71,7786.8,36.05,1350,253,0.949919545,0.000302238,0.000287102,10000000,79.2
72,7797.6,36.1,1350,226,0.950328318,0.000294882,0.000280235,10000000,79.2
73,7808.4,36.15,1350,240,0.949723799,0.000294982,0.000280152,10000000,79.2
74,7819.2,36.2,1350,242,0.949077192,0.00029504,0.000280016,10000000,79.2
75,7830,36.25,1350,266,0.948392441,0.000298983,0.000283554,10000000,79.2
76,7840.8,36.3,1350,256,0.948935854,0.000285711,0.000271121,10000000,79.2
77,7851.6,36.35,1350,265,0.9487553,0.000291614,0.00027667,10000000,79.2
78,7862.4,36.4,1350,278,0.949097492,0.000292196,0.000277323,10000000,79.2
79,7873.2,36.45,1350,259,0.948071026,0.000291025,0.000275913,10000000,79.2
80,7884,36.5,1350,263,0.948909175,0.000291376,0.00027649,10000000,79.2
81,7894.8,36.55,1350,286,0.949436054,0.00030081,0.0002856,10000000,79.2
82,7905.6,36.6,1350,287,0.949728649,0.000292276,0.000277583,10000000,79.2
83,7916.4,36.65,1350,301,0.949954814,0.000305514,0.000290225,10000000,79.2
84,7927.2,36.7,1350,283,0.950777178,0.000297638,0.000282988,10000000,79.2
85,7938,36.75,1350,282,0.949175911,0.000297505,0.000282385,10000000,79.2
86,7948.8,36.8,1350,310,0.950192459,0.000310479,0.000295015,10000000,79.2
87,7959.6,36.85,1350,261,0.951357586,0.000297903,0.000283412,10000000,79.2
88,7970.4,36.9,1350,283,0.951838435,0.000277254,0.000263901,10000000,79.2
89,7981.2,36.95,1350,276,0.952549543,0.000284984,0.000271461,10000000,79.2
90,7992,37,1350,315,0.953237647,0.000299354,0.000285356,10000000,79.2
91,8002.8,37.05,1350,294,0.952801236,0.00028963,0.000275959,10000000,79.2
92,8013.6,37.1,1350,293,0.953829051,0.000302311,0.000288353,10000000,79.2
93,8024.4,37.15,1350,316,0.954570704,0.00029126,0.000278028,10000000,79.2
94,8035.2,37.2,1350,289,0.955366712,0.00027827,0.00026585,10000000,79.2
95,8046,37.25,1350,287,0.955915341,0.000297044,0.000283949,10000000,79.2
96,8056.8,37.3,1350,301,0.95617578,0.000299818,0.000286679,10000000,79.2
97,8067.6,37.35,1350,278,0.957082741,0.000291681,0.000279162,10000000,79.2
98,8078.4,37.4,1350,289,0.957925243,0.000294403,0.000282016,10000000,79.2
99,8089.2,37.45,1350,296,0.958484695,0.000288194,0.00027623,10000000,79.2
100,8100,37.5,1350,289,0.959517837,0.000306396,0.000293992,10000000,79.2
101,8110.8,37.55,1350,301,0.959034911,0.000286177,0.000274453,10000000,79.2
102,8121.6,37.6,1350,310,0.959660746,0.000296932,0.000284954,10000000,79.2
103,8132.4,37.65,1350,275,0.959522345,0.00028881,0.000277119,10000000,79.2
104,8143.2,37.7,1350,279,0.960567402,0.000310958,0.000298696,10000000,79.2
105,8154,37.75,1350,260,0.9599613,0.000280996,0.000269745,10000000,79.2
106,8164.8,37.8,1350,263,0.960016821,0.000277936,0.000266823,10000000,79.2
107,8175.6,37.85,1350,265,0.960122011,0.000278496,0.00026739,10000000,79.2
108,8186.4,37.9,1350,263,0.96090434,0.000283198,0.000272126,10000000,79.2
109,8197.2,37.95,1350,254,0.961710821,0.000294877,0.000283587,10000000,79.2
110,8208,38,1350,249,0.960465866,0.000296663,0.000284935,10000000,79.2
111,8218.8,38.05,1350,258,0.960303452,0.000279725,0.00026862,10000000,79.2
112,8229.6,38.1,1350,244,0.960196367,0.000273252,0.000262376,10000000,79.2
113,8240.4,38.15,1350,263,0.959631402,0.000294901,0.000282996,10000000,79.2
114,8251.2,38.2,1350,245,0.960263821,0.000306732,0.000294544,10000000,79.2
115,8262,38.25,1350,261,0.959733488,0.000307387,0.00029501,10000000,79.2
116,8272.8,38.3,1350,213,0.959345154,0.000279088,0.000267742,10000000,79.2
117,8283.6,38.35,1350,252,0.958752461,0.000291949,0.000279907,10000000,79.2
118,8294.4,38.4,1350,232,0.958315632,0.000284676,0.000272809,10000000,79.2
119,8305.2,38.45,1350,223,0.956675277,0.00029025,0.000277675,10000000,79.2
120,8316,38.5,1350,248,0.955722627,0.000287988,0.000275237,10000000,79.2
121,8326.8,38.55,1350,220,0.955971519,0.000295457,0.000282449,10000000,79.2
122,8337.6,38.6,1350,233,0.955212849,0.000300124,0.000286682,10000000,79.2
123,8348.4,38.65,1350,245,0.954670259,0.000283446,0.000270597,10000000,79.2
124,8359.2,38.7,1350,258,0.954526974,0.000281246,0.000268457,10000000,79.2
125,8370,38.75,1350,253,0.954541186,0.000295244,0.000281823,10000000,79.2
126,8380.8,38.8,1350,246,0.954509075,0.000296934,0.000283426,10000000,79.2
127,8391.6,38.85,1350,233,0.953459598,0.000299811,0.000285858,10000000,79.2
128,8402.4,38.9,1350,235,0.953279984,0.000296275,0.000282433,10000000,79.2
129,8413.2,38.95,1350,241,0.952647914,0.000296827,0.000282772,10000000,79.2
130,8424,39,1350,239,0.952693243,0.000286294,0.00027275,10000000,79.2
131,8434.8,39.05,1350,252,0.95140101,0.000296459,0.000282051,10000000,79.2
132,8445.6,39.1,1350,236,0.951718397,0.000292194,0.000278087,10000000,79.2
133,8456.4,39.15,1350,266,0.950907169,0.000286382,0.000272323,10000000,79.2
134,8467.2,39.2,1350,266,0.950218637,0.00027325,0.000259647,10000000,79.2
135,8478,39.25,1350,251,0.950699802,0.000298751,0.000284023,10000000,79.2
136,8488.8,39.3,1350,279,0.949710071,0.000298891,0.00028386,10000000,79.2
137,8499.6,39.35,1350,289,0.950870029,0.000297411,0.000282799,10000000,79.2
138,8510.4,39.4,1350,295,0.950588013,0.000284458,0.000270403,10000000,79.2
139,8521.2,39.45,1350,267,0.95123674,0.000309646,0.000294547,10000000,79.2
140,8532,39.5,1350,261,0.951590163,0.000286258,0.0002724,10000000,79.2
141,8542.8,39.55,1350,276,0.952363223,0.000295358,0.000281288,10000000,79.2
142,8553.6,39.6,1350,276,0.952039362,0.000282788,0.000269226,10000000,79.2
143,8564.4,39.65,1350,271,0.952232049,0.000292537,0.000278563,10000000,79.2
144,8575.2,39.7,1350,294,0.951905273,0.000298899,0.000284524,10000000,79.2
145,8586,39.75,1350,267,0.952753607,0.000288206,0.000274589,10000000,79.2
146,8596.8,39.8,1350,292,0.952786219,0.000300418,0.000286234,10000000,79.2
147,8607.6,39.85,1350,284,0.952413341,0.000291093,0.000277241,10000000,79.2
148,8618.4,39.9,1350,297,0.952296791,0.000290242,0.000276396,10000000,79.2
149,8629.2,39.95,1350,300,0.953378467,0.00028379,0.000270559,10000000,79.2
150,8640,40,1350,275,0.954488788,0.000295338,0.000281897,10000000,79.2
151,8650.8,40.05,1350,269,0.9535648,0.000299309,0.000285411,10000000,79.2
152,8661.6,40.1,1350,289,0.955067613,0.000297639,0.000284265,10000000,79.2
153,8672.4,40.15,1350,267,0.955369572,0.000304415,0.000290829,10000000,79.2
154,8683.2,40.2,1350,314,0.956745871,0.00029963,0.00028667,10000000,79.2
155,8694,40.25,1350,306,0.957241737,0.000283408,0.00027129,10000000,79.2
156,8704.8,40.3,1350,338,0.958189673,0.000301888,0.000289266,10000000,79.2
157,8715.6,40.35,1350,276,0.958955698,0.000300659,0.000288319,10000000,79.2
158,8726.4,40.4,1350,287,0.958782723,0.000284711,0.000272976,10000000,79.2
159,8737.2,40.45,1350,271,0.959883663,0.000284856,0.000273429,10000000,79.2
160,8748,40.5,1350,278,0.959714162,0.000297812,0.000285815,10000000,79.2
161,8758.8,40.55,1350,257,0.959807092,0.000295104,0.000283243,10000000,79.2
162,8769.6,40.6,1350,297,0.959686185,0.000307978,0.000295562,10000000,79.2
163,8780.4,40.65,1350,273,0.960553824,0.000297912,0.000286161,10000000,79.2
164,8791.2,40.7,1350,273,0.960886457,0.000290022,0.000278678,10000000,79.2
165,8802,40.75,1350,272,0.961533567,0.000286912,0.000275876,10000000,79.2
166,8812.8,40.8,1350,268,0.961480127,0.000290616,0.000279422,10000000,79.2
167,8823.6,40.85,1350,248,0.960029636,0.000277468,0.000266377,10000000,79.2
168,8834.4,40.9,1350,246,0.960734983,0.000296985,0.000285324,10000000,79.2
169,8845.2,40.95,1350,249,0.959648728,0.000284845,0.000273352,10000000,79.2
170,8856,41,1350,255,0.960145618,0.000304385,0.000292254,10000000,79.2
171,8866.8,41.05,1350,236,0.959650153,0.000275752,0.000264625,10000000,79.2
172,8877.6,41.1,1350,261,0.958898534,0.000283758,0.000272096,10000000,79.2
173,8888.4,41.15,1350,243,0.958278794,0.000300287,0.000287759,10000000,79.2
174,8899.2,41.2,1350,262,0.95866441,0.000304992,0.000292385,10000000,79.2
175,8910,41.25,1350,238,0.958178584,0.000295177,0.000282832,10000000,79.2
176,8920.8,41.3,1350,231,0.957707242,0.000285011,0.000272957,10000000,79.2
177,8931.6,41.35,1350,222,0.957485736,0.000302964,0.000290084,10000000,79.2
178,8942.4,41.4,1350,230,0.956528004,0.000292109,0.000279411,10000000,79.2
179,8953.2,41.45,1350,235,0.955495264,0.000301765,0.000288335,10000000,79.2
180,8964,41.5,1350,247,0.955239598,0.000295142,0.000281931,10000000,79.2
181,8974.8,41.55,1350,248,0.955448997,0.000308277,0.000294543,10000000,79.2
182,8985.6,41.6,1350,205,0.954456613,0.000290029,0.00027682,10000000,79.2
183,8996.4,41.65,1350,251,0.9535903,0.000285936,0.000272665,10000000,79.2
184,9007.2,41.7,1350,243,0.953132413,0.000293108,0.000279371,10000000,79.2
185,9018,41.75,1350,236,0.953183538,0.000296295,0.000282423,10000000,79.2
186,9028.8,41.8,1350,235,0.953163241,0.000291815,0.000278148,10000000,79.2
187,9039.6,41.85,1350,252,0.952137975,0.000288599,0.000274786,10000000,79.2
188,9050.4,41.9,1350,264,0.952114755,0.000289939,0.000276055,10000000,79.2
189,9061.2,41.95,1350,274,0.952206323,0.000289482,0.000275647,10000000,79.2
190,9072,42,1350,280,0.951307268,0.000290822,0.000276661,10000000,79.2
191,9082.8,42.05,1350,258,0.95135982,0.000299173,0.000284621,10000000,79.2
192,9093.6,42.1,1350,292,0.951105986,0.000287649,0.000273584,10000000,79.2
193,9104.4,42.15,1350,259,0.951524648,0.000289542,0.000275506,10000000,79.2
194,9115.2,42.2,1350,247,0.951739939,0.000281736,0.000268139,10000000,79.2
195,9126,42.25,1350,251,0.952093245,0.000291358,0.0002774,10000000,79.2
196,9136.8,42.3,1350,243,0.951426694,0.000296601,0.000282194,10000000,79.2
197,9147.6,42.35,1350,291,0.951171809,0.000293645,0.000279307,10000000,79.2
198,9158.4,42.4,1350,292,0.951960392,0.000291118,0.000277132,10000000,79.2
199,9169.2,42.45,1350,274,0.951169383,0.000287866,0.000273809,10000000,79.2
200,9180,42.5,1350,259,0.951444606,0.000300053,0.000285484,10000000,79.2
201,9190.8,42.55,1350,259,0.951612728,0.000297782,0.000283373,10000000,79.2
202,9201.6,42.6,1350,287,0.952081656,0.000296977,0.000282747,10000000,79.2
203,9212.4,42.65,1350,274,0.952752036,0.000297439,0.000283386,10000000,79.2
204,9223.2,42.7,1350,289,0.951571373,0.000298106,0.00028367,10000000,79.2
205,9234,42.75,1350,298,0.952553672,0.000295152,0.000281148,10000000,79.2
206,9244.8,42.8,1350,292,0.953383193,0.000293894,0.000280194,10000000,79.2
207,9255.6,42.85,1350,279,0.954562333,0.000285013,0.000272063,10000000,79.2
208,9266.4,42.9,1350,256,0.954935553,0.000300126,0.000286601,10000000,79.2
209,9277.2,42.95,1350,301,0.954719705,0.000297754,0.000284272,10000000,79.2
210,9288,43,1350,277,0.955267522,0.000288379,0.000275479,10000000,79.2
211,9298.8,43.05,1350,298,0.955274658,0.000293107,0.000279998,10000000,79.2
212,9309.6,43.1,1350,301,0.956210389,0.000289471,0.000276796,10000000,79.2
213,9320.4,43.15,1350,300,0.956095754,0.000300109,0.000286933,10000000,79.2
214,9331.2,43.2,1350,279,0.956883131,0.0002804,0.00026831,10000000,79.2
215,9342,43.25,1350,278,0.957549889,0.000294533,0.00028203,10000000,79.2
216,9352.8,43.3,1350,288,0.957780138,0.00029313,0.000280755,10000000,79.2
217,9363.6,43.35,1350,264,0.958549803,0.000285804,0.000273958,10000000,79.2
218,9374.4,43.4,1350,266,0.958439433,0.00029181,0.000279682,10000000,79.2
219,9385.2,43.45,1350,270,0.959147504,0.000304416,0.000291979,10000000,79.2
220,9396,43.5,1350,236,0.958524702,0.00028618,0.000274311,10000000,79.2
221,9406.8,43.55,1350,289,0.958649588,0.000294375,0.000282202,10000000,79.2
222,9417.6,43.6,1350,258,0.959316074,0.000293817,0.000281864,10000000,79.2
223,9428.4,43.65,1350,252,0.958761463,0.000275641,0.000264274,10000000,79.2
224,9439.2,43.7,1350,262,0.957669459,0.000297552,0.000284956,10000000,79.2
225,9450,43.75,1350,239,0.958116106,0.000291974,0.000279745,10000000,79.2
226,9460.8,43.8,1350,274,0.957264085,0.000298643,0.00028588,10000000,79.2
227,9471.6,43.85,1350,251,0.956667644,0.000299916,0.00028692,10000000,79.2
228,9482.4,43.9,1350,232,0.956852143,0.000287909,0.000275486,10000000,79.2
229,9493.2,43.95,1350,260,0.956927839,0.000299506,0.000286606,10000000,79.2
230,9504,44,1350,249,0.956516519,0.000294264,0.000281468,10000000,79.2
231,9514.8,44.05,1350,254,0.956158058,0.00031167,0.000298006,10000000,79.2
232,9525.6,44.1,1350,242,0.956229911,0.000292086,0.000279302,10000000,79.2
233,9536.4,44.15,1350,237,0.955499512,0.0002957,0.000282541,10000000,79.2
234,9547.2,44.2,1350,230,0.956297501,0.000299455,0.000286368,10000000,79.2
235,9558,44.25,1350,227,0.954962367,0.000304511,0.000290797,10000000,79.2
236,9568.8,44.3,1350,256,0.954231476,0.000289009,0.000275781,10000000,79.2
237,9579.6,44.35,1350,265,0.954759466,0.000286154,0.000273208,10000000,79.2
238,9590.4,44.4,1350,250,0.954333817,0.000293146,0.000279759,10000000,79.2
239,9601.2,44.45,1350,230,0.953497224,0.000298163,0.000284298,10000000,79.2
240,9612,44.5,1350,251,0.952083035,0.00029686,0.000282635,10000000,79.2
241,9622.8,44.55,1350,261,0.952885535,0.000290693,0.000276997,10000000,79.2
242,9633.6,44.6,1350,276,0.952999455,0.000279313,0.000266186,10000000,79.2
243,9644.4,44.65,1350,272,0.953089285,0.000286624,0.000273178,10000000,79.2
244,9655.2,44.7,1350,249,0.95264489,0.000299417,0.000285238,10000000,79.2
245,9666,44.75,1350,259,0.953080011,0.000282999,0.000269721,10000000,79.2
246,9676.8,44.8,1350,259,0.952024944,0.000280752,0.000267283,10000000,79.2
247,9687.6,44.85,1350,267,0.9522507,0.000298654,0.000284393,10000000,79.2
248,9698.4,44.9,1350,257,0.952217677,0.000282254,0.000268767,10000000,79.2
249,9709.2,44.95,1350,253,0.951978874,0.000305548,0.000290875,10000000,79.2
250,9720,45,1350,256,0.952538844,0.000281575,0.000268211,10000000,79.2
251,9730.8,45.05,1350,289,0.951821604,0.000293927,0.000279766,10000000,79.2
252,9741.6,45.1,1350,275,0.952953119,0.000290474,0.000276808,10000000,79.2
253,9752.4,45.15,1350,304,0.952145224,0.000298071,0.000283807,10000000,79.2
254,9763.2,45.2,1350,273,0.95230974,0.000284694,0.000271117,10000000,79.2
255,9774,45.25,1350,248,0.953276873,0.000282767,0.000269555,10000000,79.2
256,9784.8,45.3,1350,276,0.953526933,0.000294579,0.000280889,10000000,79.2
257,9795.6,45.35,1350,280,0.953891159,0.00029385,0.000280301,10000000,79.2
258,9806.4,45.4,1350,295,0.954248651,0.000302837,0.000288982,10000000,79.2
259,9817.2,45.45,1350,287,0.954109838,0.0002936,0.000280127,10000000,79.2
260,9828,45.5,1350,257,0.95491745,0.000292061,0.000278894,10000000,79.2
261,9838.8,45.55,1350,287,0.954023328,0.000298808,0.00028507,10000000,79.2
262,9849.6,45.6,1350,285,0.954994176,0.000282659,0.000269938,10000000,79.2
263,9860.4,45.65,1350,282,0.955652545,0.000298239,0.000285013,10000000,79.2
264,9871.2,45.7,1350,291,0.955011553,0.000285943,0.000273079,10000000,79.2
265,9882,45.75,1350,282,0.955679173,0.000288688,0.000275893,10000000,79.2
266,9892.8,45.8,1350,265,0.955954314,0.000289727,0.000276965,10000000,79.2
267,9903.6,45.85,1350,283,0.955826247,0.000300942,0.000287648,10000000,79.2
268,9914.4,45.9,1350,289,0.956106462,0.00029271,0.000279862,10000000,79.2
269,9925.2,45.95,1350,268,0.955986176,0.00029092,0.000278115,10000000,79.2
270,9936,46,1350,277,0.956658011,0.000281637,0.000269431,10000000,79.2
271,9946.8,46.05,1350,285,0.957005249,0.000295914,0.000283191,10000000,79.2
272,9957.6,46.1,1350,276,0.958511639,0.000292058,0.000279941,10000000,79.2
273,9968.4,46.15,1350,264,0.958070238,0.000299162,0.000286618,10000000,79.2
274,9979.2,46.2,1350,292,0.957982172,0.000287173,0.000275107,10000000,79.2
275,9990,46.25,1350,274,0.958732342,0.000292223,0.000280164,10000000,79.2
276,10000.8,46.3,1350,256,0.959212789,0.000302089,0.000289768,10000000,79.2
277,10011.6,46.35,1350,251,0.95911218,0.000295273,0.0002832,10000000,79.2
278,10022.4,46.4,1350,254,0.958556359,0.000280081,0.000268473,10000000,79.2
279,10033.2,46.45,1350,242,0.958120286,0.000291881,0.000279657,10000000,79.2
280,10044,46.5,1350,256,0.957910487,0.000286408,0.000274354,10000000,79.2
281,10054.8,46.55,1350,269,0.957954064,0.000299285,0.000286701,10000000,79.2
282,10065.6,46.6,1350,260,0.95777569,0.00030047,0.000287783,10000000,79.2
283,10076.4,46.65,1350,275,0.957402219,0.000296328,0.000283705,10000000,79.2
284,10087.2,46.7,1350,266,0.956014135,0.00029647,0.000283429,10000000,79.2
285,10098,46.75,1350,245,0.956906308,0.000285048,0.000272764,10000000,79.2
286,10108.8,46.8,1350,267,0.957677608,0.00028721,0.000275055,10000000,79.2
287,10119.6,46.85,1350,221,0.957084712,0.000296819,0.000284081,10000000,79.2
288,10130.4,46.9,1350,242,0.956495226,0.000291424,0.000278746,10000000,79.2
289,10141.2,46.95,1350,234,0.955795141,0.000277124,0.000264873,10000000,79.2
290,10152,47,1350,282,0.956544255,0.000294118,0.000281337,10000000,79.2
291,10162.8,47.05,1350,229,0.956651433,0.00029068,0.000278079,10000000,79.2
292,10173.6,47.1,1350,256,0.955892127,0.00029057,0.000277753,10000000,79.2
293,10184.4,47.15,1350,230,0.954464258,0.000294902,0.000281473,10000000,79.2
294,10195.2,47.2,1350,279,0.954414871,0.000286832,0.000273757,10000000,79.2
295,10206,47.25,1350,257,0.954110466,0.000296295,0.000282698,10000000,79.2
296,10216.8,47.3,1350,238,0.953627647,0.000282601,0.000269496,10000000,79.2
297,10227.6,47.35,1350,246,0.953616461,0.000290932,0.000277438,10000000,79.2
298,10238.4,47.4,1350,244,0.953322032,0.000294846,0.000281083,10000000,79.2
299,10249.2,47.45,1350,254,0.953016659,0.000295213,0.000281343,10000000,79.2
300,10260,47.5,1350,238,0.952323825,0.000280613,0.000267234,10000000,79.2
301,10270.8,47.55,1350,235,0.951977464,0.000270937,0.000257926,10000000,79.2
302,10281.6,47.6,1350,277,0.951147646,0.000303548,0.000288719,10000000,79.2
303,10292.4,47.65,1350,252,0.95188609,0.000291671,0.000277637,10000000,79.2
304,10303.2,47.7,1350,259,0.952141887,0.000297436,0.000283201,10000000,79.2
305,10314,47.75,1350,275,0.952833273,0.000293961,0.000280096,10000000,79.2
306,10324.8,47.8,1350,261,0.952068942,0.000291728,0.000277745,10000000,79.2
307,10335.6,47.85,1350,268,0.952228873,0.000304096,0.000289569,10000000,79.2
308,10346.4,47.9,1350,269,0.952305636,0.000298352,0.000284122,10000000,79.2
309,10357.2,47.95,1350,301,0.952304858,0.000306379,0.000291766,10000000,79.2
310,10368,48,1350,265,0.952498415,0.000291634,0.000277781,10000000,79.2
311,10378.8,48.05,1350,276,0.953162127,0.000289032,0.000275495,10000000,79.2
312,10389.6,48.1,1350,287,0.953091015,0.000291404,0.000277734,10000000,79.2
313,10400.4,48.15,1350,291,0.952807973,0.000299187,0.000285067,10000000,79.2
314,10411.2,48.2,1350,308,0.953722168,0.000287643,0.000274331,10000000,79.2
315,10422,48.25,1350,278,0.953793508,0.000306024,0.000291883,10000000,79.2
316,10432.8,48.3,1350,266,0.954314764,0.000295808,0.000282294,10000000,79.2
317,10443.6,48.35,1350,298,0.954343094,0.000293454,0.000280056,10000000,79.2
318,10454.4,48.4,1350,278,0.955200222,0.000284543,0.000271796,10000000,79.2
319,10465.2,48.45,1350,277,0.955558747,0.000304927,0.000291376,10000000,79.2
320,10476,48.5,1350,283,0.956145996,0.000291233,0.000278461,10000000,79.2
321,10486.8,48.55,1350,274,0.956745847,0.000293801,0.000281092,10000000,79.2
322,10497.6,48.6,1350,291,0.957139779,0.000288832,0.000276453,10000000,79.2
323,10508.4,48.65,1350,280,0.958186723,0.00029338,0.000281113,10000000,79.2
324,10519.2,48.7,1350,253,0.957831762,0.000292287,0.000279961,10000000,79.2
325,10530,48.75,1350,288,0.957294198,0.000295876,0.00028324,10000000,79.2
326,10540.8,48.8,1350,283,0.958001331,0.000281559,0.000269734,10000000,79.2
327,10551.6,48.85,1350,245,0.95798123,0.000300091,0.000287482,10000000,79.2
328,10562.4,48.9,1350,258,0.957134835,0.000280399,0.00026838,10000000,79.2
329,10573.2,48.95,1350,264,0.957186018,0.000306423,0.000293304,10000000,79.2
330,10584,49,1350,272,0.957226747,0.000283996,0.000271849,10000000,79.2
331,10594.8,49.05,1350,295,0.95758823,0.000292312,0.000279915,10000000,79.2
332,10605.6,49.1,1350,268,0.957347509,0.000294058,0.000281516,10000000,79.2
333,10616.4,49.15,1350,236,0.957279353,0.000288615,0.000276286,10000000,79.2
334,10627.2,49.2,1350,272,0.956654495,0.000301643,0.000288568,10000000,79.2
335,10638,49.25,1350,258,0.957217262,0.000289881,0.000277479,10000000,79.2
336,10648.8,49.3,1350,268,0.957506703,0.000292656,0.00028022,10000000,79.2
337,10659.6,49.35,1350,259,0.957699098,0.000291025,0.000278715,10000000,79.2
338,10670.4,49.4,1350,285,0.957882518,0.000287007,0.000274919,10000000,79.2
339,10681.2,49.45,1350,242,0.958807072,0.000281886,0.000270274,10000000,79.2
340,10692,49.5,1350,252,0.9581445,0.000287468,0.000275436,10000000,79.2
341,10702.8,49.55,1350,272,0.957971715,0.000303987,0.000291211,10000000,79.2
342,10713.6,49.6,1350,287,0.957106936,0.000286276,0.000273997,10000000,79.2
343,10724.4,49.65,1350,241,0.957124308,0.000290391,0.00027794,10000000,79.2
344,10735.2,49.7,1350,242,0.957517804,0.000291588,0.0002792,10000000,79.2
345,10746,49.75,1350,263,0.95691674,0.000290236,0.000277732,10000000,79.2
346,10756.8,49.8,1350,254,0.957081111,0.000289524,0.000277098,10000000,79.2
347,10767.6,49.85,1350,277,0.957239516,0.000299042,0.000286255,10000000,79.2
348,10778.4,49.9,1350,242,0.957414044,0.000288215,0.000275941,10000000,79.2
349,10789.2,49.95,1350,254,0.955555516,0.000287309,0.00027454,10000000,79.2
